PersonID,Name,DateOfBirth
P1,Brittany Ross,1953-10-26
P2,Sara Quinn,1963-06-07
P3,Melanie Floyd,2004-11-09
P4,Kathleen Moore,1952-08-09
P5,Amanda Mcfarland,2005-12-08
P6,Christopher Gonzalez,1969-05-21
P7,Rhonda Jackson,1953-11-02
P8,Brandon Murphy,1978-01-08
P9,Mrs. Brittney Rivas,1950-02-20
P10,Chase Hodges,2004-09-07
P11,Brooke Fitzgerald,1990-08-11
P12,Stacy Barron,1968-06-08
P13,Erin White,1945-08-25
P14,Billy Michael,1989-03-28
P15,Warren Hall,1997-06-19
P16,Christine Graves,1961-08-02
P17,Eric Harris,1964-01-21
P18,Sarah Dominguez,1946-06-03
P19,Kenneth Newton,1949-05-25
P20,Jacob Ramirez,1990-01-29
P21,Sue Turner,1994-08-28
P22,Rachel Martin,1959-12-21
P23,Timothy Taylor,1959-09-15
P24,Kelly Ponce,1967-01-01
P25,Joseph Krueger,1979-09-05
P26,Laura Benson,1995-04-07
P27,Tracy Buchanan,1980-10-18
P28,Adrian Johnston,1958-03-31
P29,Christopher Chase,1993-04-05
P30,Brittany Martin,1970-03-11
P31,Jason Macias,1988-07-11
P32,Anthony King,1964-10-05
P33,Walter Johnston,1969-12-22
P34,Daniel Nelson,1964-11-29
P35,Chelsea Roth,1968-03-26
P36,Phillip Edwards,2005-01-07
P37,James Vaughn,1981-12-22
P38,Monica Ray,1976-10-29
P39,Joanne Nelson,1965-10-11
P40,Angela Powell,1972-06-08
P41,Amber Austin,1985-05-14
P42,Melanie Baker,1949-04-15
P43,Pamela Melendez,1955-02-06
P44,Elizabeth Harrington,1945-03-30
P45,Renee Charles,1952-01-10
P46,Crystal Hill,1970-04-07
P47,Keith Berger,1956-12-29
P48,Deborah Watson,1982-05-19
P49,Samantha Little,1999-07-01
P50,Alex Hudson,1995-07-06
P51,Joanna Wilson,1987-05-14
P52,Adam Moon,1947-08-04
P53,Dr. James Sampson,1965-08-28
P54,Gail Stewart,1953-07-14
P55,Crystal Levine,1980-02-26
P56,Reginald Cardenas,1970-03-24
P57,William Nguyen,2001-04-24
P58,Cameron Nichols,1970-03-23
P59,Benjamin Pace,1973-06-23
P60,Bailey Ramirez,1977-09-11
P61,Kevin Greene,1994-09-10
P62,Craig Flores,1950-01-21
P63,Alexis Cline,1965-02-01
P64,William Welch,1994-07-13
P65,April Eaton,1978-04-08
P66,Alexander Bullock,1996-06-11
P67,Amanda Williams,1945-04-05
P68,Todd Ramirez,1958-02-25
P69,Robin Berg,1968-05-31
P70,Philip Douglas,1948-10-19
P71,Philip Bender,2006-07-22
P72,Danielle Knapp,2002-07-16
P73,Kelly Gregory,1966-01-17
P74,Julie Schmidt,2001-05-14
P75,Charles Evans,1952-08-20
P76,Victoria Kelly,2001-01-05
P77,Jacob Rodriguez,1957-07-28
P78,Justin Stewart,1988-04-30
P79,Kathleen Hunt,1950-01-09
P80,Cheryl Horn,1972-04-28
P81,Tara Li,1992-05-13
P82,Ryan Klein,1952-12-29
P83,Tonya Smith,1968-12-20
P84,Gina Gillespie,1965-04-25
P85,Matthew Thomas,1963-09-02
P86,Robin Thomas,1970-09-29
P87,Donald Mason,1959-02-09
P88,Clifford Brown,1981-10-08
P89,Lauren Wilkins,1995-07-28
P90,Angela Costa,1985-01-02
P91,Laurie Ortiz,1991-04-17
P92,Sheri Holder,1987-08-15
P93,Emma Cruz,1997-11-25
P94,Richard Johnston,1951-08-01
P95,Felicia Aguilar,1949-11-30
P96,Alexandra Anderson,1988-05-04
P97,Daniel Davis,1946-12-27
P98,Nicholas Cabrera,1961-06-02
P99,James Brown,1950-10-17
P100,Benjamin Smith,1959-10-25
P101,Michael Wallace,1999-11-02
P102,Samantha May,1965-09-03
P103,Tim White,1993-05-19
P104,Frances English,1957-01-23
P105,Elizabeth Jones,1962-03-23
P106,Crystal Maldonado,1948-05-28
P107,Herbert Pierce,1981-05-14
P108,Michael Ford,1970-02-04
P109,Robert Johnson,2004-05-09
P110,Jeffrey Powers,1959-01-23
P111,Brooke Nelson,1997-05-13
P112,Larry Petty,1978-12-18
P113,Joshua Richardson,1950-02-08
P114,Jon Page,1976-02-12
P115,Christine Davis,1981-06-16
P116,Kelly Jones,2005-02-23
P117,Kyle Ray,2005-06-23
P118,David Bailey,1946-04-30
P119,Tracy Gomez,1980-11-26
P120,Emily Baxter,1993-10-26
P121,Walter Glover,1954-03-28
P122,Vincent Garcia,1988-07-12
P123,Kristin Castro,1983-06-23
P124,Jerome Gonzalez,2005-12-01
P125,Tricia Baker,1985-02-01
P126,Vickie Palmer,1956-12-22
P127,Brian Nguyen,1955-03-07
P128,Sierra Roberts,1979-01-15
P129,Michael Williams,2004-07-27
P130,Stephanie Rojas,1950-08-03
P131,James Morgan,2005-04-15
P132,Michael Roberts,1961-05-13
P133,Jacqueline Mcknight,1962-11-08
P134,Angela Crosby,1985-12-20
P135,Sarah Shah,1978-05-18
P136,Maria Lane,1970-01-12
P137,Marcus Bush,1989-12-18
P138,Erika Olsen,1948-02-07
P139,Stephen Baldwin,1964-04-10
P140,Natalie Rodriguez,2000-08-03
P141,Robert Nelson,1977-11-02
P142,Grace Briggs,1996-06-24
P143,Henry Schmidt,1982-02-15
P144,Kevin Acosta,1967-05-20
P145,Nathaniel Collins,1997-10-20
P146,Mark Lewis,1953-11-13
P147,Angela Rodriguez,1976-11-25
P148,Christina Smith,1945-06-22
P149,Robin Holmes,1960-04-19
P150,Wendy Anderson,1952-03-11
P151,Lisa Morrison,1997-06-09
P152,Luis Brown,2005-11-08
P153,Brett Mcpherson,1949-08-13
P154,Sean Pierce,1970-05-31
P155,Lisa Harris,1971-04-16
P156,Kent Green,1984-07-13
P157,Lauren Richardson,2000-08-21
P158,Steven Wood,1983-03-07
P159,Linda Graves,1992-09-19
P160,Christopher Johnson,1970-03-09
P161,Kelly Vaughan,1951-02-19
P162,Mrs. Allison Hunt,1945-10-15
P163,Melissa Williams,1997-01-23
P164,Carolyn Chavez,1965-03-09
P165,Kristin Fitzgerald MD,1976-04-13
P166,Kyle Flynn,1979-08-03
P167,Krystal Reed,1961-12-17
P168,Kimberly George,1983-07-26
P169,Elizabeth Owens,1970-09-04
P170,Kelly Schaefer,1968-10-29
P171,Anthony White,1984-06-26
P172,Natalie Miller,1986-10-14
P173,Mason Martin,1976-09-05
P174,Andrew Kelly,1976-08-01
P175,Elizabeth Gillespie,1980-02-06
P176,Clinton Wilson,1956-05-12
P177,Anthony Rodriguez,1982-05-06
P178,Brenda Mitchell,1977-11-20
P179,Frank Lynch,1962-03-11
P180,Raymond Duke,1971-10-09
P181,Carolyn Jefferson,1979-07-25
P182,Justin Cummings,1999-08-26
P183,Paul Harrison,2003-10-20
P184,Shawn Booth,1947-09-02
P185,Tracy Taylor,1945-12-23
P186,Anna Vargas,2005-02-19
P187,John Shea,1975-05-05
P188,Shawn Scott,1967-03-30
P189,Stephanie Sampson,1972-02-17
P190,Jerome Turner,1973-06-04
P191,Chloe Campbell,1944-02-21
P192,Michelle Bray,1977-09-22
P193,Theresa Morgan,2002-10-02
P194,Brenda Williams,1975-02-26
P195,Beverly Ramirez,1996-08-25
P196,Hunter Anderson,1967-05-02
P197,Anna Bennett,1946-04-01
P198,Jonathan Gray,2004-03-31
P199,Christopher Young,1990-09-22
P200,Jeanette Gonzalez,1983-09-14
P201,Lauren Cuevas,1951-06-03
P202,Justin Pittman PhD,2005-09-20
P203,Nancy Davis,1981-05-19
P204,Victoria Sampson,1974-02-18
P205,Scott Walter,1973-07-13
P206,Anthony Cruz,1962-01-29
P207,Scott Lopez,1987-11-22
P208,Matthew Page,1976-10-27
P209,Nancy Randolph,1966-01-03
P210,Carrie Smith,1989-11-26
P211,Dawn Anderson,1966-03-25
P212,Catherine Carpenter,1980-03-16
P213,Marissa Morton,1992-06-10
P214,Carlos Davis,1998-10-20
P215,Mr. Logan Johnson,1951-09-12
P216,Alejandro Ewing,1970-04-24
P217,Zachary Parker,1997-06-08
P218,Christie Hester,1958-10-07
P219,Jim Wilson,1984-12-21
P220,Peter Meadows,1944-11-01
P221,Jennifer Mitchell,1967-05-30
P222,Jerry Jones,1968-09-26
P223,Benjamin Adkins DVM,1981-01-23
P224,James Schneider,1983-11-03
P225,Misty Walton,1997-03-08
P226,Terri Soto,1978-10-16
P227,Stephanie Graham,1959-10-28
P228,David Johnston,1972-12-05
P229,Kimberly Briggs,2004-01-21
P230,Kevin Moreno,1990-07-25
P231,Sandra Hill,1982-03-24
P232,David Robertson,2004-07-10
P233,Clinton Allen,1945-09-02
P234,Sandra Allen,1986-09-24
P235,Courtney Rivera,1978-05-11
P236,Derek Thomas,1997-12-09
P237,Ryan Castro,1976-06-24
P238,Robert Chase,1948-11-05
P239,Zachary Bridges,1985-01-24
P240,John Perry,1961-06-30
P241,Cindy Thompson,1996-11-04
P242,Kent Jacobson PhD,1996-01-16
P243,Jon Johnston,1956-04-10
P244,Shannon Flores,1963-06-23
P245,Joseph Adams,1949-05-12
P246,Jose Gross,1969-02-09
P247,Kristen Hall,1979-09-04
P248,Lori Singleton,1999-11-05
P249,Alexander White,1955-04-04
P250,Shawn Fisher,1968-07-01
P251,Tony Bell,1989-04-27
P252,Jeff Martin,1956-10-12
P253,Katrina White,1995-05-31
P254,Chad Day,1982-09-28
P255,Stephanie Lane,1996-06-03
P256,Timothy Smith,1955-05-30
P257,Laurie Reed,1982-09-02
P258,Daniel Kelly,1944-05-18
P259,Tanya Lynch,1945-08-15
P260,Kristen Robles,1956-08-03
P261,Brenda Butler,1996-01-14
P262,Ryan Walker,1967-08-02
P263,Jeffrey Gutierrez,1982-12-26
P264,Jeffery Sanchez,1964-08-08
P265,Angelica Santos,1999-08-07
P266,Deborah Riley,1993-05-03
P267,Miss Nicole Rivera,1950-08-29
P268,Paul Thompson,1945-05-24
P269,Charles Key,1968-07-20
P270,Stacey Hale,1990-11-06
P271,Leon Martin,1955-09-07
P272,Dennis Bowen,1980-07-05
P273,Emily Smith,1975-02-21
P274,Shawn Smith,1993-10-30
P275,Patrick Estes,1980-08-25
P276,William Walker,1951-03-19
P277,Cristian Stevens,1971-02-26
P278,Christopher Obrien,1973-04-25
P279,Scott Mcguire,1959-02-10
P280,Peter Jackson,1997-06-30
P281,Misty Luna,1955-06-13
P282,Stephanie Miller,1964-10-26
P283,Briana Jones,1989-03-07
P284,Rebecca Butler,1952-08-01
P285,Alicia Fisher,1977-03-21
P286,Teresa Chavez,1982-05-16
P287,Melanie Douglas,1997-07-21
P288,Susan Thomas,1962-03-16
P289,Martha Porter,1976-01-15
P290,Joy Costa,1961-03-17
P291,Lucas Kelley,1946-07-31
P292,Sandra Williams,1984-04-15
P293,Diamond Luna,1954-06-16
P294,Billy Douglas,1973-10-06
P295,Maria Copeland,1945-10-11
P296,Cheryl Johnson,1971-04-08
P297,James Chan II,1985-06-15
P298,Mercedes Gonzales,1946-03-05
P299,Gabriel George,1974-07-04
P300,Shannon Harrington,1976-04-04
P301,Robert Johnson,1974-04-16
P302,Brittany Lopez,1964-12-09
P303,Tyler Johnson,1962-11-20
P304,Aaron Joyce,1944-01-14
P305,David Estes,1994-10-29
P306,Melissa Simmons,2002-11-15
P307,Dr. Katelyn Morris,1993-06-10
P308,Mark Reese,1945-12-20
P309,Sara Payne,1975-02-08
P310,Sandra Mathis,1972-02-24
P311,Travis Kelly,1992-07-29
P312,Andre Jones,1957-09-29
P313,Robert Anderson,1996-04-27
P314,Joshua Montgomery,1951-10-03
P315,Melanie Ross,1949-10-15
P316,Julie Jones,1994-02-02
P317,Kevin Reed,1966-12-21
P318,Ashley Snyder,1961-07-31
P319,Dr. Dawn Alexander,1947-10-30
P320,Daniel Garcia,1973-01-23
P321,Donald Camacho,1970-11-08
P322,Tyler Lowery,2006-08-27
P323,Shannon Williams,1982-09-14
P324,Richard Watson,1989-06-20
P325,Justin Hester,1984-07-06
P326,Mandy Crawford,1964-04-20
P327,Rebecca Fry,2003-05-16
P328,Ryan Miller,1998-09-27
P329,Christina Washington,1974-03-26
P330,Allison Wallace,2001-07-16
P331,Alicia Ballard,1996-07-19
P332,William Smith,1946-06-05
P333,Mr. Donald Walker,1960-12-07
P334,Mr. John Wright,1950-04-13
P335,Laura Foster,2004-12-05
P336,Anthony Holmes,1955-03-28
P337,Matthew Sanders,1946-04-23
P338,Gerald Smith,1982-11-02
P339,Charles Jones,1966-02-03
P340,Dalton Dominguez,2004-12-01
P341,Stephanie Jones,1950-10-09
P342,John Parker,1984-04-25
P343,Mr. Anthony Delgado,1998-08-08
P344,Albert Simmons,1955-05-18
P345,Christopher Watson,1990-03-08
P346,Deborah Payne,1952-02-07
P347,Diane Wise,1971-05-18
P348,Drew Dunlap,1963-06-14
P349,Sabrina Jones,1979-04-19
P350,Amber Daugherty,1961-04-03
P351,Alexander Harris,1996-06-20
P352,Carrie Robbins,1951-05-13
P353,Marilyn Bradford,1979-03-22
P354,Kathy Wagner,1965-02-15
P355,Kenneth Rogers,1963-11-19
P356,Jennifer Smith,1974-03-06
P357,Dr. Zachary Contreras,1972-06-06
P358,Robert Castillo,1957-10-11
P359,Andrea Conley,1949-06-07
P360,Lucas Hodges,1999-03-14
P361,Gary Gonzalez,1961-05-30
P362,Jacob Miller,1977-05-13
P363,Leslie Stone,1970-03-21
P364,Crystal Hall,1946-05-09
P365,Joann Allen,1971-09-27
P366,Laura Thompson,1999-09-16
P367,Joseph Wilkins,1969-05-30
P368,Gary Harrison,1975-05-19
P369,Shannon Jackson,1971-11-20
P370,Isabella Cooper,1986-01-01
P371,Jacob Lee DDS,1999-10-14
P372,Pamela Thomas,1988-02-17
P373,Leslie Evans,1968-03-19
P374,Mrs. Kaitlin Sims,1972-08-11
P375,Rebecca Ball,1953-07-27
P376,Jose Hughes,1968-12-17
P377,Amy Becker,1993-12-13
P378,Gloria Cabrera,1973-05-25
P379,David Lewis,1999-08-29
P380,Valerie Rodriguez,1967-10-22
P381,Martha Maddox,1965-06-25
P382,Cory Johnson,1967-11-05
P383,Christopher Silva,1972-09-17
P384,Christina Martin,1959-07-31
P385,Dominique Glenn,1984-12-25
P386,Brett Ruiz,1978-11-10
P387,Kathy Thompson,1987-05-16
P388,Phillip Riley,1950-07-02
P389,Ricky Walker,1963-11-09
P390,Wendy Williams,1945-01-12
P391,Hailey Stewart,2006-01-30
P392,Melissa Clark,1981-12-08
P393,Ashley Parker,1968-03-30
P394,Tara Lozano,2003-09-22
P395,Brittany Johnson,1990-05-21
P396,Tim Bowers,1995-01-28
P397,Emily Newman,1961-05-20
P398,Haley Smith,1996-05-23
P399,Jeffery Robinson,1972-09-19
P400,Christina Snyder,1961-11-13
P401,Emily Smith,1947-06-09
P402,Dave Thomas,1995-01-11
P403,Jeffrey Wilson,1968-06-20
P404,Jason Miller,1972-05-31
P405,James Rivera,1971-11-08
P406,Krystal Summers,1993-08-14
P407,Lindsay Norman,1970-04-07
P408,Joseph Robbins,1973-06-29
P409,Aaron Jones,1989-11-04
P410,Adam Shaw,1997-08-20
P411,Melissa Ryan,2001-08-13
P412,John Mcmahon,1963-04-07
P413,Michael Brown,2000-09-02
P414,Tony Ewing,1997-06-08
P415,James Lindsey,2001-05-31
P416,Derrick Jacobs,1969-10-30
P417,John Gamble,1994-12-02
P418,Ashley Callahan,1960-11-06
P419,Denise Horn,1966-10-03
P420,Catherine Foster,1959-05-01
P421,Taylor Ortega,1993-01-28
P422,Kimberly Turner,1955-06-18
P423,James Brown,1983-09-21
P424,James Carlson,1990-10-11
P425,Jamie Wright,1975-12-09
P426,Hayden Wright,1987-01-29
P427,Chris Walsh,1963-03-09
P428,Rodney Stewart,1959-01-27
P429,Jason Chandler,2004-11-08
P430,Ricky Howard,1975-06-07
P431,Ernest David,1958-04-16
P432,Tina Jarvis,1989-09-19
P433,Tamara Miller DVM,1947-07-22
P434,David Mahoney,1988-07-16
P435,Jeffrey Hall,1948-05-08
P436,Kelly Parker,1945-02-05
P437,Mr. Donald Monroe,1968-08-07
P438,Jason Sanchez,1945-08-21
P439,Laura Bell,1973-11-24
P440,Tony Sanchez,1994-11-09
P441,William Park,1969-02-18
P442,Peter Butler,1986-01-19
P443,Patricia Nielsen,1971-03-24
P444,Timothy Garcia,1944-04-10
P445,Todd Walker,1991-04-25
P446,Nicholas Murphy MD,1986-07-28
P447,Charles Marshall,1969-05-23
P448,Katie Stuart,1967-03-07
P449,Brenda Pope,1950-11-27
P450,Manuel Martinez,2004-04-21
P451,Connie Booth,1976-11-04
P452,Corey Schwartz,1992-11-14
P453,Frank Kent,1998-09-01
P454,Michelle Valencia,1998-04-14
P455,Sherry Diaz,1956-09-06
P456,Joshua Smith,2003-08-11
P457,Ashley Deleon,1993-12-08
P458,Tamara Choi,1956-08-17
P459,Shawn Washington,1945-07-10
P460,Kaitlyn Holt,1978-06-25
P461,Amber Spence,1961-12-22
P462,Chelsea Rowland,1980-01-20
P463,Laura Jackson,1951-01-16
P464,Mason Walter,1962-04-24
P465,Jason Costa,1971-12-30
P466,Lisa Bailey,1985-11-30
P467,Justin Schneider,1990-12-01
P468,Shannon Sherman,1989-01-01
P469,Timothy Cortez,1993-06-21
P470,Nathan Jones,1977-12-09
P471,Jeffrey Cook,1963-05-24
P472,Cheryl Martinez,1989-06-01
P473,Anthony Mitchell,2003-02-03
P474,Courtney Mccoy,1960-11-16
P475,Craig Adams,1993-03-14
P476,Sarah Conner,1950-05-27
P477,Holly Allison,1952-04-11
P478,Andrea Wells,1968-03-04
P479,Amber Gordon,1979-10-04
P480,James Smith,1978-02-06
P481,Annette Sherman,1955-06-05
P482,Latoya Mckinney,1973-11-26
P483,Michelle Curry,1990-01-07
P484,Kathleen Marshall,1993-02-25
P485,Penny Dougherty,1971-12-29
P486,Katrina Cabrera,1968-01-15
P487,George Simon,1964-09-13
P488,Suzanne Pope,1976-09-08
P489,Matthew Deleon,1974-08-24
P490,Jermaine Young,1970-07-19
P491,Jill Copeland,1946-07-30
P492,Christina Neal,1963-01-04
P493,Jacqueline Briggs,1959-10-09
P494,Brian Moore,2005-09-28
P495,Timothy Pham,1957-05-27
P496,Joshua Sellers,1956-03-21
P497,Kevin Mills,1945-07-25
P498,Samantha Rich,1954-12-20
P499,Stacey Wilson,1997-08-01
P500,Rebekah Williams,1974-02-07
P501,Lori Lee,2000-05-04
P502,Andrew Franklin,1990-11-30
P503,Mariah Chandler,1984-01-31
P504,Tiffany Lopez,2000-08-17
P505,Jeffrey Stevens,1952-11-08
P506,Alyssa Harrington,1953-09-17
P507,Jamie Smith,1966-02-25
P508,Jason Anderson,2002-06-04
P509,James Roman,1979-12-15
P510,Karen Moran,2003-07-07
P511,Daisy Pope,2000-05-30
P512,Natalie Garza,1995-01-08
P513,Cynthia Dixon,2002-01-01
P514,Randy Williams,1996-01-24
P515,Peggy Lopez,1983-05-30
P516,Benjamin Johnson,1984-03-06
P517,Jason Rogers,1982-01-14
P518,Ashley Elliott,1957-11-07
P519,Alyssa Adams,1943-12-21
P520,Nicole Hooper,1955-02-23
P521,Christopher Kelly,1949-06-03
P522,Heather Kemp,1998-11-25
P523,Kathryn Whitney,1998-05-05
P524,Mario James,1978-07-25
P525,Levi Cooke,2000-10-21
P526,Jonathan Walker,1955-08-12
P527,Kimberly Walker,1969-01-02
P528,Stephen Weaver,1972-12-31
P529,Lisa Cooper,1951-01-26
P530,Amanda Robbins,1946-06-18
P531,Tabitha Grant,1995-06-07
P532,Veronica Thomas,1959-04-30
P533,Amanda Evans,2002-11-04
P534,Joel Garza,1973-01-10
P535,Ryan Barker,1993-08-03
P536,Brian Rodriguez,1984-06-06
P537,John Bentley,1986-12-30
P538,Gene Rios,1979-10-12
P539,Christopher Baxter,1998-11-06
P540,Renee Yang,1973-06-06
P541,Mariah Montoya,1952-05-07
P542,Michael Logan,1955-08-02
P543,Raymond Austin,1951-05-20
P544,Joel Li,1992-04-26
P545,Paul Marsh,1999-12-28
P546,Stephanie Harvey DDS,1952-04-11
P547,Lisa Meyer,1947-03-17
P548,Jennifer Ross,1988-04-15
P549,Brenda Thompson,1961-06-28
P550,Luis Lee,1975-12-09
P551,Emily Pace,1963-08-30
P552,Stephanie Ware,1997-07-28
P553,Xavier Jones,2005-11-20
P554,Danielle Lozano,1944-02-25
P555,Dana Ramirez,1979-09-11
P556,Taylor Allen,2005-07-18
P557,Daniel Potts,1970-12-04
P558,Phillip Rojas,1948-06-09
P559,Samantha Morrison,1985-06-18
P560,Lisa Wood,1977-03-28
P561,Krystal Mitchell,1945-06-24
P562,Megan Harris,1986-04-26
P563,Leslie Harris,1977-08-31
P564,Russell Torres,1967-07-27
P565,Juan Rangel,1990-03-03
P566,Stephanie Dixon,1949-03-17
P567,Victoria Payne,1991-07-20
P568,Christy Morgan,1979-08-14
P569,Stephen Cochran,1998-08-21
P570,Christopher Allen,1987-08-15
P571,Hunter Hanna,1999-03-27
P572,Tiffany Oliver,1996-11-01
P573,Isaac Ross,1993-12-14
P574,Amy Mcgrath,2001-12-17
P575,Alan Lam,1984-09-19
P576,Dawn Sims,1997-06-17
P577,Tony Wilson,1945-08-20
P578,Karen Wolfe,1951-11-25
P579,Justin Moore,1961-05-23
P580,Joseph Blackwell,1979-07-13
P581,Ashley Reyes,1952-06-08
P582,Dawn Figueroa,1995-08-21
P583,Michael Lopez,2003-09-29
P584,Kimberly Hall,1991-02-14
P585,Bonnie Conley DDS,1978-03-31
P586,Bryan Allison,1981-07-19
P587,Kathleen Gardner,1985-12-12
P588,Johnny Wheeler,1986-11-03
P589,Julie Roth,2003-05-20
P590,Nancy Jones,1957-04-25
P591,Terry Skinner,1949-03-11
P592,Laura Davis,1990-07-08
P593,Michael Villanueva,1962-07-02
P594,Katie Marshall,1957-07-14
P595,Christopher Robertson,1984-12-06
P596,Earl Alvarez,1993-06-18
P597,Angel Jones,1988-09-22
P598,Nicholas Castro,1985-04-07
P599,Wayne Wade,1944-12-06
P600,Kimberly Davis,1968-12-02
P601,Natalie Rice,1968-12-20
P602,Sara Myers,1980-04-08
P603,Gregory Roberts,1968-03-30
P604,John Thompson,1979-02-02
P605,Amber Park,1966-01-30
P606,Sue Owens,1961-04-02
P607,Hannah Mckee,1972-05-29
P608,Mr. Cameron Cunningham,1974-03-22
P609,Victor Robinson,1998-08-01
P610,Tracy Watts,1963-07-13
P611,Megan Chan,1946-10-14
P612,Taylor Sanchez,1977-05-13
P613,Kathleen Austin,1988-04-16
P614,Marc Baker,1987-10-05
P615,Michael Casey,1970-12-08
P616,Mark Taylor,1969-12-09
P617,John Johnson,1983-03-15
P618,Maurice Ryan,1988-10-24
P619,Michelle Miller,1958-12-01
P620,Kenneth Roberts,1963-10-31
P621,Brandon Campbell,1992-10-31
P622,Samantha Walker,1962-04-30
P623,David Collins,1961-01-27
P624,David Bell,2003-04-30
P625,Steven Silva,1983-05-29
P626,Christine Cummings,1968-12-23
P627,Janet Gill,1995-11-05
P628,Andrea Scott,1985-09-15
P629,Teresa Sanders,1946-03-15
P630,David Parks,1981-12-20
P631,Dawn Jones,1985-09-29
P632,Carlos Brown,1983-07-06
P633,Brianna Williams,1957-06-27
P634,Vincent Richardson,1998-07-22
P635,Anthony Rodriguez,1972-02-06
P636,Desiree Chavez,1946-01-22
P637,Zachary Hawkins,1945-10-17
P638,Joseph Smith,1947-03-01
P639,Charles Williams,1951-11-18
P640,Gary Day,1958-06-22
P641,Jonathan Brady,1979-12-19
P642,Michelle Ford,1989-04-03
P643,Melissa Copeland,1996-11-17
P644,Kathleen Carrillo,1995-09-10
P645,Richard Clark,2005-02-02
P646,Jonathan Jones,2002-09-18
P647,Haley Brandt,1948-03-23
P648,Ashley Knight,2005-06-28
P649,Logan Reynolds,1956-01-06
P650,Taylor Wallace,1977-12-09
P651,Mary Mason,1985-07-17
P652,Aaron Frank,1944-08-17
P653,Evan Jones,1951-02-06
P654,Zachary Short,2005-10-11
P655,Donna Potter,1957-03-04
P656,Nicole Griffith,1952-12-20
P657,Tina Chandler,1944-07-17
P658,Stephanie Richards,1956-06-19
P659,Thomas Montoya,1972-04-27
P660,Benjamin Jones,1972-09-09
P661,Rachel Williams,1971-05-19
P662,William Ross,1990-03-23
P663,Megan Steele,2002-05-05
P664,Mitchell Garcia,1966-05-22
P665,Phillip Allen,1988-02-06
P666,John Stout,1953-11-19
P667,Dr. Lisa Allen DVM,1995-04-14
P668,Michael Thomas,1977-07-20
P669,Jonathan Patel,1944-03-01
P670,Victoria Herrera,1978-02-05
P671,James Anderson,1981-10-18
P672,George Nelson,1944-05-25
P673,Frederick Mills,1985-09-18
P674,Lisa Smith,1980-05-03
P675,Edward Stewart,1949-11-25
P676,Aaron Lopez,1956-07-16
P677,Joshua Hill,1949-03-31
P678,Justin Baker,1956-06-29
P679,David Bryant,1945-05-12
P680,Anthony Smith,1961-07-02
P681,Melissa Stanley,1970-06-10
P682,Robin Walker,1978-08-17
P683,Thomas Lambert,1957-09-11
P684,Aaron Rogers,1992-11-26
P685,Jennifer Schultz,1962-06-25
P686,Christy White,1969-10-26
P687,Kristen Davis,1946-12-18
P688,Austin Gonzalez,1963-10-09
P689,Elizabeth Kelly,1988-06-20
P690,Christopher Miller,1996-06-13
P691,Kevin Spencer,1988-10-30
P692,Nathan Li,1948-01-04
P693,Alejandro Vincent,1976-01-27
P694,Pamela Ruiz,2000-02-22
P695,Jason Parrish,1969-11-24
P696,Scott Smith,1999-09-30
P697,Madeline Fischer,1981-03-12
P698,Cassandra Arnold,1996-08-14
P699,Angela Smith,1984-07-24
P700,Katie Miller,1989-10-14
P701,Robin Bell,1987-03-10
P702,Ashley Cook,1967-11-05
P703,Mia Diaz,1947-10-13
P704,Christopher Tran,1947-05-30
P705,Michael Howe,1952-06-19
P706,Madison Nelson,1993-12-03
P707,Brianna Dyer,1962-01-13
P708,Michael Garrett,1985-04-30
P709,Jenna Henson,1952-01-16
P710,Norma Peterson,1976-11-29
P711,Michelle Jordan MD,1956-08-22
P712,Debra Shields,1962-10-09
P713,Amanda Warner,1955-09-12
P714,Maureen Pollard,1979-11-12
P715,Phillip Gonzales,1947-01-23
P716,Cathy Taylor,2003-10-27
P717,Michael Price,1996-12-08
P718,Erin Walker,1969-02-14
P719,Mathew Day,1975-08-19
P720,Adam Bryant,1987-07-07
P721,Matthew Patton,2006-06-02
P722,Andre Leonard MD,1944-01-31
P723,Donald Richards,1966-05-23
P724,Dr. Lawrence Elliott,1989-05-09
P725,Ronald Barnes,1947-07-28
P726,Jim Wilson,2002-09-28
P727,Matthew Jones,1948-04-03
P728,Mark Phillips,1955-11-20
P729,Bryan White,1949-12-06
P730,Steven Ayers,1986-12-14
P731,Laura Smith,1979-12-31
P732,Michael Frost,1974-07-31
P733,Morgan Lewis,1948-02-12
P734,Derrick Lopez,1977-09-18
P735,Megan Smith,1980-06-10
P736,Jennifer Mckenzie,1963-05-26
P737,Mrs. Paula Rodriguez MD,1958-03-09
P738,Sue Huffman,1994-07-07
P739,Miss Jessica Sparks,1961-08-27
P740,Kenneth Weiss,1984-12-02
P741,Valerie Fisher,1954-03-16
P742,Tyler Gutierrez,1973-04-14
P743,Jonathan Travis,1962-05-06
P744,Alicia Thomas,1946-10-23
P745,Krystal Robinson,1989-07-06
P746,Joshua Tucker,1975-10-11
P747,Matthew Sutton,1965-10-03
P748,Christopher Holloway,1999-10-14
P749,Richard Williams,1971-12-27
P750,Richard Mcfarland,1945-06-13
P751,Eric Rich,1974-09-26
P752,John Dixon,1974-04-11
P753,Jeremy Harvey,1977-12-28
P754,Mark Phillips,1993-12-09
P755,Darrell White,1998-12-22
P756,Ryan Pope,1985-06-11
P757,Kenneth Phillips,1999-10-11
P758,Michael Cole,1967-11-20
P759,Shannon Morris,1952-04-12
P760,Herbert Gardner,1978-04-20
P761,Carlos Arnold,1962-08-09
P762,Patricia Luna,1955-10-07
P763,Joseph Vasquez,1985-09-25
P764,Scott Brown,1967-05-22
P765,Shawn Williams,2005-08-06
P766,John Thompson,1955-06-20
P767,Robyn Rivera,1984-12-02
P768,Nicole Garcia,1989-01-12
P769,Tiffany Vasquez,1972-03-26
P770,Michelle Espinoza,1955-03-15
P771,John Coleman,1987-11-01
P772,Jessica Lindsey,1986-06-30
P773,Laura Day,1959-08-01
P774,Thomas Brown,1986-09-20
P775,Kristen Chavez,1982-05-16
P776,Katherine Williams,1978-05-13
P777,Tonya Chen,1969-11-03
P778,Gabriela Walls,2005-08-10
P779,Kevin Moore,2006-08-04
P780,Tiffany Simmons,1998-05-21
P781,Kyle Gray,1987-05-20
P782,Eric Young,1966-09-29
P783,Nicholas Smith,1949-05-23
P784,Frank Frank,1946-08-13
P785,Eric Williams,1985-10-19
P786,Angela Morris,1972-08-04
P787,Michelle Gordon,1961-07-08
P788,Dalton Hansen,2002-05-19
P789,Charles Harris,1977-07-21
P790,Abigail Mccarthy,1999-08-12
P791,Mary Quinn,1966-08-14
P792,Taylor Powers,1984-06-15
P793,Mark Thompson,1994-06-03
P794,Kristina Odom,1975-04-25
P795,Brian Whitney,2001-01-30
P796,Rebecca Weaver,1950-10-08
P797,Whitney Ryan,1994-04-26
P798,Kenneth Cooper,1949-11-13
P799,Breanna Charles,1945-10-08
P800,Nicole Sandoval,1980-06-26
P801,Thomas Roberts,1960-10-28
P802,Ray Smith,1945-05-02
P803,Aaron Finley,1958-10-03
P804,Dawn Shea,1994-02-02
P805,Cory Wells,1950-10-03
P806,Heather Bowen,1992-07-13
P807,Deborah Carpenter,1949-09-25
P808,Seth King,2002-02-24
P809,Joshua Turner,1954-03-29
P810,Christopher Garcia,1946-04-19
P811,Sandra Hall,1972-03-25
P812,Robert Haynes,1967-05-03
P813,Daniel Anderson,1959-08-17
P814,Tammy Garcia,2002-11-05
P815,Elizabeth Davidson,1966-03-03
P816,Scott Cohen,1947-10-06
P817,Linda Hernandez,1995-03-06
P818,Robert Rosario,1999-03-02
P819,Joseph Ruiz,1996-12-23
P820,Sara English,1989-03-28
P821,Mariah Wood,1968-10-21
P822,Paul Potter,1982-02-11
P823,Christopher Franklin,1999-07-02
P824,James Brown,1970-10-13
P825,Stacie Larson,1971-11-16
P826,Rachel Pena,1950-05-16
P827,William Romero,1958-04-19
P828,Sean Peterson,1973-04-02
P829,Adam Cunningham,1960-08-16
P830,Judith Haas,1965-03-22
P831,Paul Hicks,1995-01-27
P832,Lindsey Ochoa,1989-10-02
P833,Kelly Hamilton,1973-03-26
P834,Wendy Rose,1989-07-23
P835,Andrea Gibbs,1965-04-19
P836,John Acosta,2006-08-21
P837,Julia Myers,2004-01-22
P838,Joshua Gonzales,1956-10-19
P839,Riley Kennedy,1978-06-29
P840,Pamela Pineda,1991-07-25
P841,Brittany Manning,1970-09-05
P842,Heather Myers,1992-08-18
P843,John Butler,1973-07-20
P844,Rebekah Silva,1974-09-08
P845,Caitlin Lee,1997-02-18
P846,Tom Miller,1989-07-21
P847,Edward Foster,1953-12-07
P848,Diane Williams,1953-07-14
P849,Cynthia Garcia DVM,1964-01-30
P850,Mr. Tyler Peters,1980-08-02
P851,Stephanie Fox,2002-07-10
P852,Jared Norris,2003-02-07
P853,Stephanie Clarke,1953-07-10
P854,Robert Heath,1988-09-24
P855,Pamela Warner,1978-11-20
P856,Kathleen Sampson,1999-12-03
P857,Robert Landry,1997-08-16
P858,Benjamin Nguyen,1999-05-29
P859,Emma Porter,1951-12-07
P860,Dr. Sandra Thompson,1987-05-09
P861,Michael Hughes,2002-01-18
P862,Emma Delgado,1956-10-21
P863,Stacey Simmons,1948-12-18
P864,James Reeves,1999-09-05
P865,Justin Campbell,1959-06-20
P866,Maria Alexander,1982-03-22
P867,Andrew Harrison,1945-06-15
P868,Allison Wilson,1993-05-22
P869,Samantha Martinez,1994-09-30
P870,Hayley Sullivan,1957-09-10
P871,Daniel Perez,1973-12-15
P872,Joseph Burns,2006-10-24
P873,Michelle Benson,1994-01-06
P874,Christopher Anthony,1949-08-21
P875,Shirley Kent,1993-10-06
P876,Laura Padilla,1980-01-23
P877,David Myers,1988-03-12
P878,James Parker Jr.,1997-03-19
P879,Mark Clarke,1980-03-19
P880,Nichole Hoffman,1986-08-03
P881,Beth Patton,1969-05-21
P882,Elizabeth Alexander,1981-12-30
P883,Julie Jones PhD,1954-09-27
P884,Aaron Flores Jr.,1994-12-26
P885,Jordan Solis,1996-05-29
P886,Riley Jones,1944-12-29
P887,Denise Kelley,1963-06-04
P888,Edward Walker,1997-03-05
P889,Thomas Simmons,1956-10-26
P890,Charles Monroe,1993-02-17
P891,Alyssa Silva,1975-08-05
P892,Sarah Allison,1971-08-15
P893,Michael Leon,2000-08-14
P894,Stephen Patel,1999-03-17
P895,Jason Wilson,1989-02-13
P896,Angela Hogan,1983-05-03
P897,Christina Powers,1982-08-03
P898,Mrs. Lisa Smith DDS,1970-07-29
P899,Paul Riley,1956-03-15
P900,Russell Vazquez,1946-11-05
P901,Ralph Ortega,1991-11-29
P902,Ryan Castillo,1993-05-07
P903,Jason Smith,1955-11-02
P904,Sandra Harris,2006-01-11
P905,Shelly Perry,1971-07-24
P906,Kent Thompson,1966-03-10
P907,Nancy Bailey,1944-02-11
P908,Jennifer Singh,1952-09-26
P909,Phillip Wall,1994-11-03
P910,Gabriella Rosario,1954-08-30
P911,Austin Lopez,2006-05-29
P912,Cory Carpenter,1963-09-18
P913,Rodney Reilly,1970-01-09
P914,Jesse Young,1979-08-16
P915,Candace Lewis,1995-08-06
P916,Jessica Schultz,2005-12-09
P917,Lauren Allen,1944-02-02
P918,Valerie Stuart,1952-09-03
P919,Brooke Harris,1969-07-12
P920,John Perez,1993-05-15
P921,Kenneth Howard,1994-01-04
P922,Benjamin Leonard,1988-11-08
P923,Jacqueline Grimes,1994-01-20
P924,Gail Melendez,1966-07-20
P925,Brady Grant,1965-09-11
P926,Daniel Douglas,1963-03-16
P927,Aaron Dennis,1965-12-26
P928,Edward Davis,1945-11-29
P929,Tracy Edwards,1957-03-15
P930,Eric Choi,1985-04-17
P931,Caroline Sanchez,1969-07-03
P932,Joshua Johnson,1961-01-25
P933,Edward Moore,1970-03-14
P934,Linda Ward,1956-01-08
P935,Kyle Gutierrez,1988-07-09
P936,Jeremy Neal,1956-10-16
P937,Alex Obrien,1954-06-12
P938,Laura Rogers,1993-12-22
P939,Tiffany Williams,1960-01-31
P940,Raven Hood,1961-07-19
P941,Morgan Mercado,2000-07-09
P942,Krystal Williams,1944-09-30
P943,Eric Flores,2004-07-29
P944,Pedro Frederick,1987-03-28
P945,Joshua Jones Jr.,1991-05-21
P946,Miranda Hernandez,1967-11-04
P947,Tracey Smith,1957-03-09
P948,Henry Juarez,2004-04-01
P949,Douglas Love,1971-06-07
P950,William Walker,1954-07-17
P951,Brittney Richmond,1949-09-05
P952,Alyssa Blake,1957-06-23
P953,John Mosley,1989-08-11
P954,Juan Robbins,1999-10-17
P955,Jennifer Johnson,1985-03-27
P956,Elizabeth Schmidt,1974-05-31
P957,Joshua Manning,1950-01-02
P958,Matthew Landry,1977-08-21
P959,Henry Sullivan,1989-02-23
P960,Linda Cooke,1950-09-21
P961,Patricia Williamson,1944-10-28
P962,Christopher Bishop,1997-11-08
P963,Richard Smith,1977-06-18
P964,Carrie Mendez,1948-11-01
P965,Antonio Marks,1979-02-11
P966,Jeremy Brennan,1996-07-04
P967,Terry Randolph,2001-05-14
P968,Brian Baker,1980-01-23
P969,Robert Galvan,1972-09-20
P970,Chris Allen,1958-10-21
P971,Miguel Lopez,2005-05-28
P972,Andrea Wright,1963-12-09
P973,Nicole Jennings,1977-12-12
P974,Alexis Morgan,1950-08-14
P975,Dr. Gregory Kelley,1994-05-19
P976,Melissa Wagner,1969-01-31
P977,Carol Thomas DDS,1999-05-05
P978,Michael Thomas,1953-07-29
P979,Christina Perry,1962-11-06
P980,Alexander Delacruz,1953-10-03
P981,Frederick Conway,1969-07-20
P982,Jessica Hicks,1989-03-05
P983,Laura Cruz MD,1947-05-11
P984,Connie Walker,1962-12-22
P985,Austin Harrison,1981-12-09
P986,Marcus Tran,1987-06-14
P987,Jaime Vega,1980-07-16
P988,Levi Rollins,2003-06-14
P989,John Clark,1960-06-12
P990,Jennifer Lopez,1993-10-08
P991,Emily Hicks MD,1972-08-25
P992,Jonathan Robinson,1952-12-05
P993,Marie Larsen,1990-11-29
P994,Haley Jones,1980-05-26
P995,Devin Calhoun,1948-03-02
P996,Jesse Lewis,1990-05-03
P997,Stephanie Cunningham,1957-03-09
P998,Christopher Sexton,1954-04-25
P999,Leslie Smith,1957-05-02
P1000,John Hanson,1949-07-07
P1001,Todd Johnston,1946-02-03
P1002,Nancy Rodriguez,1969-10-30
P1003,Terry Yates,1950-12-21
P1004,Brandon Mitchell,1963-05-13
P1005,Amanda Medina,1964-04-23
P1006,John Curtis,1982-03-14
P1007,Jonathan Garza,1971-03-12
P1008,Jacob Dean,1973-03-25
P1009,Steven Kelley,1992-04-02
P1010,Kelli Moreno,2001-04-11
P1011,Robert Cook,1969-09-03
P1012,Theresa Montes,1963-08-31
P1013,Todd Lawson,1950-03-05
P1014,Joshua Chapman,1976-12-16
P1015,Timothy Garcia,1988-09-11
P1016,Janet Gaines,1966-05-26
P1017,Scott Warner,1956-10-27
P1018,Jennifer Obrien,1964-05-01
P1019,Troy Stone,2003-08-20
P1020,Joel Moore,1995-11-25
P1021,Tammy Perry,1964-01-04
P1022,Timothy Nguyen,1963-03-21
P1023,Kristin Stanley,1959-01-31
P1024,Hannah Walsh,2004-04-20
P1025,Daniel Mitchell,1964-03-01
P1026,James Anthony,1973-08-25
P1027,Patrick Walsh,1997-03-19
P1028,Brianna Gomez,1997-02-16
P1029,Christopher Chen,1990-05-15
P1030,Ashley Simmons,1968-07-04
P1031,John Kane,2005-08-02
P1032,Cameron Boyle,1953-02-07
P1033,Roberto Anderson,1995-11-09
P1034,Tyler Johnson,1966-02-08
P1035,William Bradley,1970-11-18
P1036,Kara Cole,1988-10-01
P1037,Olivia Weiss,1990-03-02
P1038,Elizabeth Hardy,1963-07-22
P1039,Melissa Rangel,1963-09-07
P1040,Walter Bryant,1957-11-27
P1041,Joe Brock,1992-09-07
P1042,Christine Jenkins,1986-12-26
P1043,Alexis Farmer,1995-12-12
P1044,Meghan Murphy,1985-11-24
P1045,Michelle Jacobs,1957-08-01
P1046,Amanda Young,1962-08-19
P1047,Meredith Knight,1970-08-28
P1048,Stacey Williams,1981-09-11
P1049,Scott Hooper,1981-03-15
P1050,Bryan Johnson,1951-01-30
P1051,Christina Wilson,2006-07-12
P1052,David Anthony,1964-12-15
P1053,Anthony Harris,1964-09-06
P1054,Misty Cook,1989-12-08
P1055,Kenneth Stephens,1944-02-20
P1056,Katherine Sparks,1987-11-30
P1057,Richard Mills,1975-11-27
P1058,Anthony Clark,1983-08-15
P1059,Melanie Brennan,1955-05-10
P1060,John Curtis,1956-02-10
P1061,Kimberly Rodriguez,1958-02-12
P1062,Melissa Warren,2004-07-01
P1063,Maurice Friedman III,1996-05-25
P1064,Jonathon Morgan,1985-08-10
P1065,Joshua Ramsey,1979-09-01
P1066,Erin Day,1981-10-31
P1067,Robert Peterson,1966-04-18
P1068,Tyler Calhoun,1998-09-24
P1069,James Cunningham,2005-09-05
P1070,Nathan Carpenter,1950-08-18
P1071,Nichole Flores,1948-11-19
P1072,Meredith Hampton,1946-07-10
P1073,David Pierce,1978-10-14
P1074,Ann Hatfield,2006-02-16
P1075,Eric Reid,1999-07-18
P1076,Kevin Allen,1973-12-15
P1077,Angela Arroyo,1979-10-21
P1078,Michelle Ballard,1988-06-23
P1079,Sergio Rodgers,1975-07-09
P1080,Karla Walter,1971-08-08
P1081,Brittany Leblanc,2006-01-26
P1082,Shelby Jackson,1996-10-17
P1083,Johnny Walsh,1981-10-03
P1084,Samantha Johnson,1991-05-25
P1085,Robert Howard,2003-03-11
P1086,Stephanie Smith,1990-11-27
P1087,Jennifer House,1987-05-12
P1088,David Stevens,1991-06-28
P1089,Gabriella Trujillo,1994-02-19
P1090,Anthony Howard,2000-01-21
P1091,Penny Wong,1991-03-31
P1092,Robert Stewart,1947-11-29
P1093,Ryan Fuller,2006-11-02
P1094,Jason Brown,1991-07-21
P1095,Tasha Perry,1951-05-19
P1096,Darlene Russo,2006-01-24
P1097,Matthew Jimenez,1946-10-07
P1098,Jennifer Miller,1959-04-24
P1099,Michael Schultz,1995-07-24
P1100,Kevin Walker,1996-04-26
P1101,Amanda Cardenas,1960-01-29
P1102,Lisa Gutierrez,1986-03-04
P1103,Yesenia Thompson,1954-09-07
P1104,Alexander Fuentes,1972-01-12
P1105,Jacob Burgess,1975-09-24
P1106,Aaron Tyler,1962-11-20
P1107,Carol Sims,1949-03-29
P1108,Aaron Dougherty,1992-12-11
P1109,Tracy Brennan,1994-05-13
P1110,James Ortiz,1995-04-11
P1111,Mr. Timothy Winters,1967-07-22
P1112,Douglas Sparks,1960-01-08
P1113,William Garcia,2001-11-17
P1114,Ricardo Gomez,1970-01-21
P1115,Bobby Reynolds,1978-05-20
P1116,Steven Bennett,1989-11-27
P1117,Leslie Kane,1945-07-12
P1118,Jeffrey Reid,1995-01-08
P1119,Destiny Hamilton,1946-10-05
P1120,Christina Johnson,1988-11-20
P1121,Eric Mccarthy,1991-06-21
P1122,Barbara Wells,1992-06-21
P1123,Angel Torres,1969-05-18
P1124,Emily West,1981-07-04
P1125,Yolanda Griffin,1982-03-26
P1126,Renee Rodriguez,1948-04-20
P1127,Kristi Skinner,1958-11-01
P1128,Christopher Gallagher,1982-09-09
P1129,Amy Long,1987-09-26
P1130,Cory Ponce,1971-10-24
P1131,Colin Frazier,1944-10-08
P1132,Rebecca Good,1970-01-06
P1133,Gregory Hays,1985-07-15
P1134,Alyssa Hall,1990-07-27
P1135,Tiffany Miller,1964-01-10
P1136,Diane Nolan,1985-04-13
P1137,Heather Gill,1954-02-25
P1138,Nicole Torres,1997-02-28
P1139,Kayla Watkins,1959-04-28
P1140,Tracy Russell,1970-02-16
P1141,Brian Mills,1988-07-04
P1142,Justin Lawrence,1980-09-26
P1143,Claire Chen,1965-08-23
P1144,Brian Vazquez,1966-04-17
P1145,Cassandra Cruz,1983-06-03
P1146,Amanda Palmer,1985-12-30
P1147,Mary May,1974-12-08
P1148,Pamela Wade,1995-06-05
P1149,Katie Rice,1975-08-12
P1150,Chase Lee,1974-09-14
P1151,Donald Wallace,1958-03-05
P1152,Robert Mercado,1979-06-18
P1153,Tyler Hess,2006-04-23
P1154,Annette Lopez,1976-02-28
P1155,Daniel Johnson,1984-06-28
P1156,Christopher Moreno,1994-08-11
P1157,Lisa Scott,1965-02-28
P1158,Jennifer Fleming,1977-07-16
P1159,Jonathan Fields,1965-09-23
P1160,Rodney Morris,1963-01-23
P1161,Sean Austin,1993-05-05
P1162,Nicholas Frederick,1998-06-29
P1163,Becky Newman,1955-09-19
P1164,Andrea Gordon,1978-12-13
P1165,Candice Bentley,1984-11-02
P1166,Tanner Johnson,1969-01-26
P1167,Hunter Black,1950-11-02
P1168,David Davidson,1956-02-10
P1169,Sheila Avery,1956-04-23
P1170,Stephen Ford,2004-02-15
P1171,Katelyn Brown,1999-01-15
P1172,Beth Dominguez,1960-01-15
P1173,Richard Armstrong,1977-11-25
P1174,Richard Brown,1956-01-02
P1175,Thomas Stephens,1984-06-07
P1176,Thomas Lee,1989-03-01
P1177,Craig Lopez,1945-10-19
P1178,Wanda Webb,1993-07-03
P1179,Annette Snow,1997-12-03
P1180,Christopher Ramirez,1989-07-25
P1181,Juan Sanchez,1960-08-19
P1182,Caleb Foster,1966-12-19
P1183,Amanda Warren,1987-02-09
P1184,Nancy Haas,1982-04-08
P1185,Howard Richardson,1997-01-12
P1186,Christopher Williams,1971-09-23
P1187,Andrew Khan,1964-09-20
P1188,Joyce Brewer,1963-02-14
P1189,Nicholas Crane,2002-03-16
P1190,Christopher Johnson,1978-07-02
P1191,James Dillon,1978-04-30
P1192,Susan Coleman,1987-04-23
P1193,Diana Anthony,1962-10-05
P1194,Kristin Watson,1959-05-22
P1195,Kurt Arnold,1980-04-09
P1196,Elizabeth Chavez,1960-09-29
P1197,David Rhodes,1965-06-08
P1198,Richard Arnold,1947-03-14
P1199,Colin Myers,1985-08-05
P1200,Amy Walker,1993-05-29
P1201,Bradley Ayers,1997-08-19
P1202,Carlos Williams,1969-03-11
P1203,Laura Gould,1981-08-27
P1204,Wendy Herring,1958-01-05
P1205,Roy Booth,1990-03-17
P1206,Daniel Cooley,1995-11-10
P1207,Martin Martin,1943-12-28
P1208,David Baker,1973-09-13
P1209,Roberta Shaw,1956-09-24
P1210,Jesus Morales,1952-06-21
P1211,Alyssa Gentry,1954-01-05
P1212,Ana Baker,1972-04-05
P1213,Shawn Holt,2004-11-06
P1214,Madison Bean,1958-05-17
P1215,Patricia Robbins,1976-08-17
P1216,Christopher Sparks,1967-04-12
P1217,Ryan Ortiz,1956-12-17
P1218,Luis Golden,1977-10-29
P1219,Todd Franklin,1965-07-17
P1220,Lydia Garza,1985-06-27
P1221,Rebecca Edwards,1972-03-04
P1222,Vicki Rosales,2001-07-15
P1223,Antonio Gray,1984-05-23
P1224,Brian Cole,1966-09-11
P1225,Jeffrey Fox,1980-12-31
P1226,Jean Henry,1955-01-24
P1227,Regina Thomas,1953-06-09
P1228,Anthony Mathis,1987-10-05
P1229,Shari Walsh,1967-06-11
P1230,David Ellis,1945-02-06
P1231,Deborah Taylor,1948-08-02
P1232,David Kelly,1974-07-12
P1233,Matthew Murray,1951-04-21
P1234,Brandy Hughes,1959-03-24
P1235,Noah Rivas,1945-03-01
P1236,Alexander Doyle,2005-07-03
P1237,Christine Smith,1993-01-09
P1238,Taylor Ramirez,1964-07-30
P1239,Brian Johnson,1998-12-18
P1240,Brenda Green,1960-07-01
P1241,Charles Trujillo,1968-11-17
P1242,Heather Moran,1949-05-04
P1243,Sandra Thompson,1956-08-20
P1244,Christopher Cline,1970-04-13
P1245,Selena Sims,1991-08-14
P1246,Jaime Thompson,1961-04-22
P1247,Daniel Johnson,1995-05-06
P1248,Kara Lee,1947-01-20
P1249,Natasha Osborn,1951-01-24
P1250,Colleen Baker,1971-08-02
P1251,Patricia Rivera,1966-11-29
P1252,Gabriel Welch,1969-05-23
P1253,George Reed,2003-11-03
P1254,Linda Peterson,1994-10-03
P1255,Jessica Young,1982-06-09
P1256,Richard Bonilla,1949-06-18
P1257,Christopher Mckenzie,1994-12-23
P1258,Mackenzie Castillo,1975-06-09
P1259,Dylan Mitchell,1953-12-06
P1260,Donald Martin,1946-02-05
P1261,Steven Lewis,1996-10-24
P1262,Dillon Lester,1965-09-16
P1263,Joanna Lopez,1987-11-07
P1264,Melissa Evans,1982-10-21
P1265,George Evans,1947-05-25
P1266,Amanda Mitchell,1956-09-11
P1267,Todd Aguirre,1966-04-23
P1268,Cody Short,2004-10-24
P1269,Gregory Medina,1997-04-20
P1270,Eric Hernandez,2003-10-17
P1271,Joshua Barnett,1967-01-24
P1272,Larry Davenport,1972-12-13
P1273,Melissa Gonzalez,1968-01-13
P1274,Teresa Mercer,1955-12-16
P1275,Bianca Hudson,1993-09-13
P1276,John Bradley,1970-10-23
P1277,Holly Hernandez,1986-09-30
P1278,Anthony Martin,1982-12-11
P1279,Gina Walker,1965-09-30
P1280,Michele Williams MD,1976-01-10
P1281,Brian Reyes,1982-12-31
P1282,Mr. Jacob Green DDS,1949-12-19
P1283,Jennifer Rivera,1944-09-13
P1284,Lee Murillo,1991-10-14
P1285,Timothy Foster,2002-05-04
P1286,Sarah Stewart,1997-04-21
P1287,Erin Haley,1971-12-19
P1288,Alexander Tucker,2004-07-14
P1289,Lindsey Wagner,1956-03-12
P1290,Kevin Bell,1973-02-06
P1291,Thomas Camacho,1993-09-06
P1292,Brandon Mckenzie,1995-04-26
P1293,Kevin Werner,2005-04-16
P1294,Tracy Haas,1952-11-05
P1295,Kathleen Chavez,1978-12-16
P1296,Sandra Murphy,1954-11-29
P1297,Connor Williams,1948-06-29
P1298,Mr. Samuel French,1996-08-25
P1299,Shane Hall,2001-05-10
P1300,Randy Santana,1987-05-08
P1301,Erin Bailey,1959-07-24
P1302,Amanda Long,1983-05-05
P1303,Regina Fox,1989-01-10
P1304,Paula Moore,1955-08-13
P1305,Christine Lawson,1960-07-12
P1306,Daniel Jones,1999-12-24
P1307,Francis Williams,1970-07-30
P1308,Nicole Young,1954-12-09
P1309,Terry Lopez,1986-01-02
P1310,Theresa Cox,1956-12-24
P1311,Anne Parsons,1990-05-24
P1312,Christopher Powell,1952-07-02
P1313,Kyle Li,1956-01-23
P1314,Joshua King,1958-08-18
P1315,Erika Turner,1962-05-30
P1316,Steven Ingram,1963-01-05
P1317,Laura Giles,1985-11-10
P1318,Wendy Martinez,1963-08-28
P1319,Kristina James,1950-02-02
P1320,Robert Haynes,2006-06-07
P1321,Brenda Conner,1993-12-25
P1322,Crystal Wilson,1961-11-28
P1323,Eric Gross,1970-06-25
P1324,James Graham DDS,1955-01-19
P1325,Dr. Kyle Strong Jr.,1992-09-20
P1326,Antonio Shepherd,1981-02-14
P1327,Michael Davis,1975-04-07
P1328,Samuel Willis,1981-09-12
P1329,Melanie Rowe,1958-05-09
P1330,Shirley Sandoval,1997-02-25
P1331,Nichole Morris,1984-05-17
P1332,Julia Perez,1980-02-07
P1333,Sandra Burton,2001-05-03
P1334,David Evans,1947-03-13
P1335,Christine Gilbert DDS,1945-11-23
P1336,Annette Stewart,1982-03-07
P1337,Jason Moore,1958-12-16
P1338,Albert Collins,1960-04-11
P1339,Martha Townsend,1983-05-09
P1340,Mr. Jordan Brown,1977-09-24
P1341,Amy Nelson,1995-09-18
P1342,Christopher Schmitt,1949-06-11
P1343,Samuel Morris,1983-08-21
P1344,Angela Lamb,1958-10-25
P1345,Jessica Howell,1977-01-19
P1346,Helen Richards,1967-06-14
P1347,Amanda Larson,1964-06-14
P1348,Christine Burke,1960-08-05
P1349,Robert Baker,1966-08-07
P1350,Anita Hardy,1992-09-12
P1351,Kimberly Arroyo,1998-11-16
P1352,Mrs. Jessica Ortiz,1979-12-10
P1353,Amanda Walsh,1995-12-07
P1354,Isaac Mccann,1972-10-08
P1355,Tiffany Henry,1988-05-07
P1356,James Mcpherson,1966-11-15
P1357,Lisa Hernandez,1990-07-15
P1358,Lindsay Stewart,1954-06-05
P1359,Kelly Schroeder,1945-10-04
P1360,Dr. Christopher Booth,1983-10-29
P1361,Lisa Delgado,1979-09-10
P1362,Valerie Archer,1966-02-13
P1363,Paul Mccoy,1958-12-16
P1364,Michael King,1988-07-11
P1365,Lisa Lopez,1952-01-30
P1366,Jennifer Cunningham,2002-12-14
P1367,Arthur Miller,1956-11-03
P1368,Julia Green,1946-02-17
P1369,Joseph Blanchard,1986-02-26
P1370,Antonio Hall,1971-06-29
P1371,Dana Sweeney,1977-03-18
P1372,Robert Rogers DDS,1949-06-17
P1373,Michael Harper,1965-03-13
P1374,Michael Sanchez,1955-08-21
P1375,Daniel Serrano,1964-08-26
P1376,Erin Rose,1947-03-22
P1377,Jordan Taylor,1957-09-22
P1378,Theodore Marshall,1975-03-11
P1379,Nicholas Anderson,1970-01-25
P1380,Frances Chaney,2005-02-09
P1381,Joanna Koch,1950-05-25
P1382,Anna Young,1946-12-24
P1383,Jennifer Mack,1947-10-01
P1384,Ashley Nelson,1947-08-06
P1385,Jeremy Gallegos,1992-04-15
P1386,Lucas Jimenez,1945-07-20
P1387,James Morton,2004-07-20
P1388,Margaret Jones,1948-02-23
P1389,Dr. Sandra Sampson,1988-02-10
P1390,Mark Navarro,1986-01-03
P1391,Katherine Reynolds,1984-04-27
P1392,Marie Black,1968-12-28
P1393,Tyler Chase Jr.,1978-09-08
P1394,Pamela Johnson,1960-11-27
P1395,Mark Vincent,1994-02-23
P1396,Brenda Brooks,1975-06-02
P1397,Tami Vazquez,1997-11-22
P1398,Jordan Wilson DDS,1971-07-15
P1399,Christopher Williams,1944-10-23
P1400,Charles Parker,1991-10-26
P1401,William Jones,1980-01-09
P1402,Renee Barker,1957-01-09
P1403,Jasmine Greer,1992-10-31
P1404,Donna Harvey,1961-07-13
P1405,Richard Mullins,1990-12-04
P1406,Daniel Rivera Jr.,1963-12-15
P1407,Sandra Porter,1999-04-14
P1408,Elizabeth Coleman,1971-10-08
P1409,Thomas Wright,1955-02-25
P1410,Shannon Hunt,1958-11-20
P1411,Tyrone Andersen,1952-02-17
P1412,Jay Lowe,1987-10-05
P1413,Ashlee Tyler,1979-05-31
P1414,Elizabeth Taylor,1961-10-19
P1415,Heather Johnson,1959-10-16
P1416,Joseph Vega,1954-04-04
P1417,Kathleen Hammond,1977-11-08
P1418,Jeffrey Odom,1998-04-20
P1419,Rebecca Munoz,1972-05-21
P1420,Carrie Lee,1990-02-23
P1421,Derrick Weaver,1991-06-24
P1422,Mr. Donald Mcdonald,1990-11-19
P1423,Amy Kane,1994-10-16
P1424,Melissa Lewis,1976-07-30
P1425,Dustin Henderson,1972-04-26
P1426,Kristie Bender,1983-06-29
P1427,Savannah Martin,2005-12-19
P1428,Maria Kelly,1945-11-17
P1429,Linda Smith,1956-08-09
P1430,Kathleen Petersen,1986-09-21
P1431,Michael Morales,1963-07-05
P1432,Rachel Valdez,1998-06-08
P1433,Robert Brown,1969-03-23
P1434,Michelle Scott DVM,2004-03-11
P1435,Anna Huang,2005-04-27
P1436,Aaron Abbott,1973-04-22
P1437,Paula Mckenzie,1948-09-19
P1438,Melanie Barrett,1961-11-18
P1439,Deborah Herrera,1968-06-01
P1440,Gabriela Garcia,1978-01-15
P1441,Andrew Dean,2006-07-02
P1442,Joel Costa,1954-10-18
P1443,Thomas Gilbert,1954-09-27
P1444,Frank Parker,1964-06-15
P1445,Brandi Mccarty,1969-08-01
P1446,Allison Meyer,2001-06-26
P1447,Susan Howell,1987-11-26
P1448,Sandy Campbell,1947-05-18
P1449,John Bean,1992-09-05
P1450,Amber Fields,1946-01-01
P1451,Shannon Roberson,1992-09-26
P1452,Keith Erickson,1969-10-07
P1453,Jason Suarez,1972-08-06
P1454,Daniel Garcia,1974-03-10
P1455,Dana Brown,1995-05-03
P1456,Kevin Harris,1960-10-24
P1457,Stephen Hernandez,1990-11-01
P1458,Amy Fields,1962-10-27
P1459,Stacy Reynolds MD,1960-12-06
P1460,Krista Smith,1964-09-12
P1461,Troy Dixon,1981-05-12
P1462,Gerald Griffin,1966-06-15
P1463,Brian Foster,1973-01-11
P1464,Erika Allison,1980-04-06
P1465,Mark Hernandez,1955-12-28
P1466,Ian Parker,1968-04-18
P1467,Tammy Rogers,1963-11-27
P1468,Catherine Phillips,2006-05-17
P1469,Jay White,1998-11-10
P1470,Heather Butler,1978-08-08
P1471,Victoria Garrett,1950-07-11
P1472,Steven Jackson,1944-10-18
P1473,Dr. Shane Torres,1984-07-16
P1474,Richard Fox,2001-11-01
P1475,Debbie Warren,1963-11-27
P1476,Andres Wheeler,1973-10-09
P1477,Destiny Ryan,1967-10-10
P1478,Gina Powell,2001-12-02
P1479,James Moore,2005-02-04
P1480,Jade Mills,1965-12-07
P1481,Gina Stewart,1975-04-06
P1482,Savannah Hodges,1983-08-31
P1483,David Tapia,1960-04-08
P1484,Tiffany Smith,1975-04-26
P1485,Eileen Elliott,1992-12-04
P1486,Chelsea Garrison,1999-06-19
P1487,David Sullivan,1999-03-08
P1488,Charles Fuller,1952-05-26
P1489,Maurice Hoffman,1962-06-25
P1490,Robert Arnold,1984-06-09
P1491,Donald Park,1973-04-09
P1492,Justin Peterson,1976-05-31
P1493,Kelly Marquez,1953-04-26
P1494,Austin Jones,1977-06-12
P1495,Joshua Mejia,1957-09-04
P1496,Melissa Kirby,1995-08-13
P1497,John Herrera III,1957-02-09
P1498,Ryan Hardy,2000-07-24
P1499,Jason Rivera,1957-12-22
P1500,Michael Smith,1952-11-03
P1501,David Brooks,1966-03-23
P1502,Dawn Hughes,1990-02-18
P1503,Mr. Wayne Jackson,1989-02-10
P1504,Jennifer Johnston,1988-10-21
P1505,Christopher Brown,1947-04-27
P1506,Linda Scott,1951-12-11
P1507,Eugene Barnes,1993-11-23
P1508,Jared Kramer,2000-01-12
P1509,Eric Reilly MD,1978-05-24
P1510,Edwin Arias,1977-11-08
P1511,Brett Harris,1947-05-19
P1512,Michael Mcclure,1949-09-02
P1513,Brandon Rice,1947-12-18
P1514,Ethan Garner,1969-05-19
P1515,Dawn Garcia,1981-05-08
P1516,Jocelyn Alexander,1953-07-08
P1517,Christy Alexander,1981-09-03
P1518,Olivia Wilson,1965-09-24
P1519,Melissa Young,1947-03-08
P1520,Glenn Ashley,2003-05-14
P1521,Kristen Roberts,1976-10-19
P1522,Jonathan Medina,1993-04-22
P1523,Jenny Obrien,1963-08-11
P1524,Evelyn Orozco,1959-11-13
P1525,Kim Perez,1945-10-10
P1526,Michael Howard,1993-06-15
P1527,Michelle Reed,1995-01-08
P1528,Daniel Allen,1995-01-23
P1529,Alexis Bailey,1972-02-27
P1530,Mr. Timothy Hickman Jr.,1990-10-31
P1531,Bobby Gonzalez,1950-03-18
P1532,Paul Carter,1971-01-11
P1533,David Livingston,1965-10-31
P1534,Charles Santos,1994-09-23
P1535,Jason Guerrero,1959-08-08
P1536,Robin Anderson,1956-12-27
P1537,Audrey Morgan,1962-01-15
P1538,Rachel Allison,1967-03-02
P1539,Molly Jenkins,1971-09-27
P1540,Carla Rogers,1946-11-29
P1541,Sheila Fields MD,1955-06-25
P1542,Joseph Smith,1993-10-29
P1543,Pamela Copeland,1998-05-23
P1544,Michelle Gill,1974-05-02
P1545,Christine Martinez,1947-12-16
P1546,Gina Boyd,1983-09-04
P1547,Jennifer Edwards,1976-08-09
P1548,Shawn Johnson,1954-09-03
P1549,Alexander Johnson,1996-11-21
P1550,Anthony Martinez,1961-11-04
P1551,Alvin Orozco,1947-04-29
P1552,Scott Richardson,1977-01-12
P1553,Alexander Liu Jr.,2004-09-02
P1554,Michelle Bryant,1992-06-16
P1555,Mary Smith,1950-05-24
P1556,Brooke Parsons,1954-12-23
P1557,David Flores,2000-01-19
P1558,Brooke Stanton,1980-10-27
P1559,Dr. Abigail Hale,1974-04-11
P1560,Brian White,1974-10-29
P1561,Aaron Davis,1966-11-30
P1562,Nicole Butler,1987-01-19
P1563,Brian Robbins,1956-09-16
P1564,James Edwards,1989-09-02
P1565,Jillian Nguyen,1981-12-31
P1566,Michaela Morrison,1958-04-05
P1567,Matthew Long,2005-02-21
P1568,John Williams,1967-10-19
P1569,Joshua Brown,1958-08-27
P1570,Francisco Guerrero,1976-06-02
P1571,Timothy Young,1989-03-12
P1572,Tanya Smith,1948-01-21
P1573,Lauren Walton,1976-03-11
P1574,John Lucero,1947-05-24
P1575,Christine Dorsey,1966-04-01
P1576,Lauren Allen,1999-02-25
P1577,Traci Marshall,1989-06-16
P1578,Kyle Watson,1953-12-07
P1579,Tammy Cunningham,1990-02-26
P1580,Jim Wang,1961-01-11
P1581,Vickie Ortega,1988-09-24
P1582,Gina Torres,1960-04-14
P1583,Zachary Blevins,1944-08-15
P1584,Sue Davis,1948-05-24
P1585,Mr. Jeffrey Ortega,1974-06-07
P1586,Reginald Simon,1959-12-07
P1587,Robert Smith,1955-10-22
P1588,Michael Bailey,1967-04-15
P1589,Laurie Wu,1978-11-10
P1590,Jeanette Smith,1946-06-05
P1591,David Miller,1949-12-30
P1592,Michael Sanchez,1979-08-15
P1593,Heather Morales,1946-12-25
P1594,Steven Boyer,1958-12-06
P1595,Erika Martinez,1949-12-12
P1596,Jennifer Mathis,1973-11-26
P1597,John Jones,1989-09-24
P1598,Stephen Porter,1997-04-08
P1599,Lori Johnson,1990-08-27
P1600,Dr. Dana Mcguire,1952-11-16
P1601,Melissa Rubio,2005-02-14
P1602,Andre Martin,1980-10-28
P1603,Melinda Rodriguez,1949-01-09
P1604,Jackson Brown,1951-09-27
P1605,Jessica Lewis,1993-12-29
P1606,Jason Payne,1973-02-09
P1607,Jamie Rogers,2000-03-06
P1608,Kelly Lewis,1988-09-15
P1609,Diana Stewart,1964-02-13
P1610,Maria Reyes,1944-09-25
P1611,Brian Taylor,1975-09-26
P1612,Michael Dorsey,1964-11-06
P1613,Richard Vincent,1984-12-12
P1614,Kristy Key,1975-11-14
P1615,April Maxwell,1967-10-20
P1616,Kimberly Johnson,1960-09-02
P1617,Robert Wright,1946-10-11
P1618,Eric Morris,1983-08-31
P1619,Emily Williams,1993-03-18
P1620,Erica Pratt,1946-12-24
P1621,Angela Mathis,1961-12-19
P1622,Timothy Jackson,1993-12-05
P1623,Craig Blackwell,1990-10-25
P1624,Michael Flores,1961-04-06
P1625,Anthony Murphy,1991-04-13
P1626,Susan Patterson,1956-08-29
P1627,Christopher Brown,1959-07-12
P1628,Tonya Brown,2000-06-29
P1629,Dr. Christopher Lewis,1959-06-20
P1630,Mary Dominguez,2003-02-24
P1631,Mariah Hart,1965-12-06
P1632,David Arnold,1956-04-14
P1633,Mr. Jack Bean PhD,1967-11-29
P1634,Brandon Obrien Jr.,1991-08-23
P1635,George Brown,1973-01-09
P1636,Monica Thompson,1999-01-28
P1637,James Smith,2002-02-05
P1638,Bryan Carlson,2005-07-24
P1639,Cynthia Riley,1988-05-10
P1640,Matthew Moon,1952-11-21
P1641,Matthew Cooper,1955-07-07
P1642,Tiffany King,1961-11-03
P1643,Lindsay Stout,1959-06-06
P1644,Cassandra Ryan,1973-10-24
P1645,Amy Bowman,2004-04-20
P1646,David King,1951-07-01
P1647,Tonya Clark,1962-08-13
P1648,Kaitlyn Wu,1972-05-21
P1649,Jacob Porter,1965-03-22
P1650,Doris Brooks,1990-07-17
P1651,Alexander Price,1947-01-03
P1652,Deborah Robbins,2001-12-21
P1653,Shannon Conley,1983-01-04
P1654,Erica Morton,1964-04-12
P1655,Eric Wright,1973-12-09
P1656,Anthony Bonilla,1997-02-12
P1657,Kimberly Nelson,2005-04-01
P1658,Stephen Mayo,1979-11-06
P1659,Katie Rodriguez MD,1955-05-25
P1660,Tammy Nelson,1998-11-24
P1661,Cynthia Baker,1987-04-12
P1662,Ronald Smith,1947-11-21
P1663,Richard Evans,1945-03-15
P1664,Mike Spencer,1961-08-06
P1665,Marcus Mahoney,1996-08-22
P1666,Robert Cervantes,1993-11-13
P1667,Elizabeth Meza,2002-03-02
P1668,Joshua Shannon,2003-10-26
P1669,Donna Hopkins,1998-04-07
P1670,Thomas Simmons,1946-06-02
P1671,Andrew Jones,1964-05-02
P1672,Brooke Gomez,1962-11-19
P1673,Wesley Hurley,2004-08-06
P1674,Earl Garcia,1991-07-15
P1675,Lisa Murphy,2003-04-24
P1676,Amy Smith,1956-10-21
P1677,William Greene,1964-09-06
P1678,Chelsea Gonzalez,1948-09-23
P1679,Mark Byrd,1956-02-12
P1680,Alejandra George,1961-06-06
P1681,Kimberly Baker,1949-11-29
P1682,Douglas Black,1982-12-23
P1683,Christopher Durham,1997-06-09
P1684,Dana Lindsey,2004-08-18
P1685,James Webster,1950-09-17
P1686,Monica Schroeder,1972-07-16
P1687,Christopher Gray,1965-06-11
P1688,Suzanne Garcia,1958-11-30
P1689,Timothy Torres,1944-12-18
P1690,Tyler Campbell,1991-04-12
P1691,Carol Jackson,1946-07-16
P1692,David Fletcher,1945-09-18
P1693,Jeffery Thomas,1994-10-03
P1694,David Walton,1975-08-18
P1695,James Cunningham,1980-09-11
P1696,Stacy Gibson,1951-06-17
P1697,Peter Foster,1997-03-16
P1698,David Ford,1965-10-23
P1699,Jason Wilkins,1976-01-30
P1700,Deborah York,1963-03-02
P1701,Rachel Jackson,1979-06-06
P1702,Mr. Zachary Johnson,1967-05-09
P1703,Sarah Kemp,1968-07-26
P1704,Erik Adams,1995-11-12
P1705,Ms. Dana Mullins,1945-12-22
P1706,Karen Johnson,1980-02-25
P1707,Deanna Cox,1977-06-29
P1708,Deborah Simmons,1955-02-02
P1709,Courtney Lucas,1957-09-23
P1710,Jeremy Thomas,1992-04-15
P1711,Charles Jordan,1968-11-11
P1712,Dr. Michael Davidson,1954-05-05
P1713,Jill Davis,1993-06-04
P1714,Lindsey Roberts,1986-04-11
P1715,Dawn Mckinney,1975-01-24
P1716,Abigail Smith,2006-04-27
P1717,Stephanie Hardy,1986-01-22
P1718,Jacqueline Ballard,2000-02-13
P1719,Thomas Gibson,2006-07-07
P1720,Amanda Chung,1997-09-15
P1721,Tiffany Hernandez,1965-05-02
P1722,Rachel Jones,1953-02-04
P1723,Jacob Bridges,1969-06-17
P1724,Sara Cortez,1955-05-28
P1725,Mrs. Elizabeth Flynn,2002-11-25
P1726,Kimberly Ruiz,1972-03-01
P1727,Cynthia Berg,1947-02-19
P1728,Tracy Bennett,1998-12-03
P1729,Michael Nguyen,1948-12-13
P1730,Andrea Craig,1990-10-16
P1731,Barbara Clements,2004-10-20
P1732,Ryan Cruz,1964-04-28
P1733,Jose Perry,1953-07-22
P1734,Mitchell Osborne,1978-06-18
P1735,Kevin Cabrera,1988-01-26
P1736,Allison Stanton,2004-04-02
P1737,Matthew Fitzgerald,1975-01-02
P1738,Susan Estrada,1989-03-03
P1739,Craig Holloway,1985-05-11
P1740,Lauren Hall,1985-07-28
P1741,Nancy Smith,1985-11-01
P1742,Alejandro Gray,2005-10-03
P1743,Benjamin Johnson,1994-05-17
P1744,Sarah Nguyen,1975-08-26
P1745,Amy Thompson,1994-10-23
P1746,Dawn Gonzalez,1971-09-23
P1747,Brett Jones,1968-01-03
P1748,Kayla Allison,1986-12-05
P1749,Jenny Harris,1958-03-22
P1750,Victoria Allen,1967-09-19
P1751,Timothy Gardner,1975-08-08
P1752,Olivia Jackson,2001-05-01
P1753,Jeremy Ramos,1948-12-17
P1754,Joshua Ray,1947-10-11
P1755,Jessica Wagner,1980-06-06
P1756,Abigail Gilbert,1945-08-22
P1757,Marc Lambert,1991-06-15
P1758,David Sanchez,1953-06-11
P1759,Theresa Mora,1944-08-14
P1760,Steven Morton,2000-10-10
P1761,Nicole Neal,1952-05-08
P1762,Brandon Mcclure,1967-01-23
P1763,Miranda Hodge,1946-03-09
P1764,Veronica Lang,1967-04-02
P1765,Brittany Shelton,1983-07-10
P1766,John Smith,1945-05-04
P1767,Richard Good,1948-09-15
P1768,Angela Jordan,1951-12-13
P1769,Kristin Branch,1957-04-19
P1770,Maria Vasquez,1994-05-22
P1771,Ms. Kelly Cooper DVM,1963-03-30
P1772,Brittney Green,1959-07-15
P1773,Joseph Scott,1998-02-05
P1774,Kevin Jones,1986-01-28
P1775,Justin Evans,1991-04-17
P1776,Billy Wang,1960-09-15
P1777,Anthony Ochoa,1979-03-31
P1778,Hannah Nelson,2002-03-08
P1779,Bobby Hart,1974-04-25
P1780,Peggy White,1964-07-19
P1781,Derek Gomez,1963-01-22
P1782,Brian Robinson,1971-11-14
P1783,Madison Brewer,1945-05-18
P1784,Jonathan Lewis,1970-10-24
P1785,Carrie Welch,1971-03-23
P1786,Elizabeth Jacobs,1944-01-02
P1787,Robert Dorsey,2002-04-27
P1788,Eileen Morris,1988-05-01
P1789,Tiffany Anderson,1958-11-01
P1790,Samantha Stafford,1989-05-07
P1791,Danielle Coleman,1965-12-08
P1792,Rebecca Smith,1969-05-21
P1793,Gina Mccarty,1945-04-25
P1794,Eric Dixon,2004-10-23
P1795,Kelli Braun,1995-02-19
P1796,Brandon Calhoun,1974-11-19
P1797,Sharon Powell,1951-10-24
P1798,Bonnie Browning,1974-03-10
P1799,Robert Woodward,2006-08-27
P1800,Nancy Collins,1996-10-28
P1801,Louis Burke,2005-03-29
P1802,Misty Taylor,1951-11-10
P1803,Krista Harrison,1978-05-08
P1804,Kerri James,2004-01-06
P1805,Kathy Dennis,2002-06-21
P1806,Wendy Warner,1991-11-18
P1807,Jonathan Richardson,1953-06-28
P1808,Daniel Knapp,1953-06-28
P1809,Monique Edwards,1981-08-16
P1810,Michelle Norris,1980-10-17
P1811,Brianna Patton,1996-03-10
P1812,Samuel Thomas,1973-05-21
P1813,Mark Cline,1989-07-29
P1814,Jennifer Mcgee,1953-10-20
P1815,Jennifer Johnson,1963-12-09
P1816,Mark Wilson,1961-08-10
P1817,Diana Tanner,1950-07-02
P1818,Colleen Frazier,2002-11-02
P1819,Daniel King,1953-03-21
P1820,Roger Davis,1985-09-26
P1821,Alicia Hull,1949-05-20
P1822,Christopher Dodson,1976-11-04
P1823,Holly Monroe,1985-02-01
P1824,Kristina Davis,1945-12-25
P1825,Steven Hendrix,1972-08-07
P1826,Jacob Orr,1974-08-30
P1827,Jean Rowe,1952-01-03
P1828,Kimberly Rowe,1962-06-25
P1829,Terry Morales,1959-05-12
P1830,Jeffrey Anderson,1955-06-05
P1831,Michael Hampton,1980-08-17
P1832,Lisa Thomas,1974-06-06
P1833,Diana Mckee,1949-06-21
P1834,William Johnson,1994-12-03
P1835,Samuel Cook,1955-08-14
P1836,Kevin Arnold,1988-02-09
P1837,Kaitlyn Adams,1986-06-07
P1838,Tina Burton,1963-11-01
P1839,Julia Myers,1985-12-06
P1840,Joseph Smith,1957-09-13
P1841,Brooke Reyes,1995-05-09
P1842,Kellie King,2005-08-03
P1843,Craig Turner,1991-10-19
P1844,Michael Peterson,1965-06-13
P1845,Micheal Lynch,2003-07-20
P1846,David Bradshaw,1958-09-26
P1847,Dawn Walker,1971-12-10
P1848,Scott Leonard,1948-08-12
P1849,Kristen Ellis,2001-12-30
P1850,Amber Oneal,1982-10-07
P1851,Scott Le,1951-06-03
P1852,Charles Gilbert,1967-07-04
P1853,Mrs. Emily Evans,1981-01-08
P1854,Charlene Decker,1952-10-07
P1855,Shelley Prince,1954-05-08
P1856,Melissa Thomas,1993-07-02
P1857,Jessica Ortiz,2001-10-07
P1858,Victor Dalton,1951-07-23
P1859,Barry Hoffman,1956-09-29
P1860,Brian Rocha,1954-08-21
P1861,Kathleen Jackson,1973-01-12
P1862,Xavier Vaughan,1996-08-27
P1863,Andrea Carter,1982-05-26
P1864,Jamie Freeman,1996-06-10
P1865,Carrie Robbins,1963-07-01
P1866,Laura Bartlett,1996-04-04
P1867,Christopher Terry,1972-11-12
P1868,Tyler Williams,1973-12-02
P1869,Anthony Moore,1963-10-24
P1870,Amy Jackson,1971-04-23
P1871,Michael Payne,1980-09-25
P1872,Marilyn Franco,1977-11-15
P1873,Shannon Martinez,1955-09-21
P1874,Nathaniel Foster,1993-03-30
P1875,Joann Palmer,1971-05-29
P1876,David Williams,1962-05-12
P1877,Fernando Williams,1943-12-17
P1878,Joseph Walker,1999-12-12
P1879,Brenda Wells,1973-10-01
P1880,Michelle Colon,1970-02-14
P1881,James Morgan,1982-01-29
P1882,Alexander Shaw,1964-06-18
P1883,Regina Wallace,2006-06-08
P1884,Marco Nolan,2006-10-04
P1885,Jasmine Marsh,1964-12-02
P1886,Rhonda Stein,2002-04-07
P1887,April Harris,1988-11-18
P1888,Aaron Knight,1982-05-30
P1889,Julie Morse,1955-04-02
P1890,Kimberly Singleton,1953-04-24
P1891,Mr. Joseph Evans,1975-12-23
P1892,Jessica Blankenship,1972-01-26
P1893,Janice Taylor,1961-08-29
P1894,Peter Rivas,1999-12-12
P1895,Mr. John Johnson,1986-12-27
P1896,Diana Warren,1993-07-24
P1897,Brittany Lopez,2006-01-25
P1898,Mathew Travis,1983-01-13
P1899,Matthew Gonzalez,1952-01-03
P1900,Monica Pace,1953-02-08
P1901,Courtney Flowers,1962-08-06
P1902,Brandi Rogers,1949-11-10
P1903,Robin Watson,1984-02-15
P1904,James Thomas,1977-01-09
P1905,Tammy Kelly,1949-12-15
P1906,Kelsey Patrick,1970-05-30
P1907,Michael Stephens,1953-01-30
P1908,Anna Miller,1974-07-30
P1909,Erica Hernandez,1947-04-25
P1910,Robert Mullins,1984-12-26
P1911,Danielle Smith,1965-07-06
P1912,Kyle Jacobs,1992-08-13
P1913,Raymond Martinez,1965-04-14
P1914,Douglas Johnston,1969-06-10
P1915,Taylor Mcbride,1949-07-04
P1916,David Gomez,1985-11-25
P1917,Adam Morgan MD,1977-12-27
P1918,Nancy Rios,1974-04-19
P1919,Carol Medina,1971-12-17
P1920,Gregory Kelly,1981-10-08
P1921,Robert Edwards,1966-07-29
P1922,Seth Howell,1974-08-10
P1923,Ronald Murphy,1975-03-29
P1924,Mark Martinez,1964-12-06
P1925,Ronald Holmes,1960-08-15
P1926,Anthony Young,1999-10-11
P1927,Robert Smith Jr.,1957-10-15
P1928,Michael Howard,1968-10-23
P1929,John Garcia,1981-01-10
P1930,George Smith,1973-08-21
P1931,Daniel Hughes,1957-03-25
P1932,Travis Garcia,1997-03-15
P1933,Daniel Murray,1968-02-08
P1934,Bryan Rodriguez,1960-06-06
P1935,Kristi Miller,1995-12-22
P1936,Kelly Stone,1947-12-20
P1937,Ronald Curry,2000-03-29
P1938,Karen Wallace,1988-07-12
P1939,Aaron Hunter,2004-06-04
P1940,Shaun Wilson,1975-09-25
P1941,Jesus Powell,1998-07-22
P1942,Samuel Mccormick,1963-01-30
P1943,Kelsey Snyder,1960-06-07
P1944,Shannon Gutierrez,1978-11-09
P1945,Jennifer Mcdaniel,1963-02-05
P1946,Ashley Bryant,1946-02-20
P1947,Joseph Herrera,2003-09-13
P1948,Tyler Elliott,1998-01-27
P1949,Andrea Oliver,1961-12-24
P1950,Linda Cobb,1976-04-26
P1951,William Rowe,1989-02-20
P1952,Katherine Fletcher,1947-01-03
P1953,Laura Hudson,1958-06-01
P1954,Cindy Estes,1961-06-20
P1955,Jenna Moreno,1971-06-16
P1956,Danielle Weiss,1987-04-20
P1957,Kevin White,1949-04-19
P1958,Zoe Miller,1985-09-17
P1959,Bridget Green,1993-01-03
P1960,Jasmine Wood,1974-09-21
P1961,Shane Campbell,1985-01-17
P1962,Cindy Murray,1993-12-28
P1963,Christopher Cox,1963-10-03
P1964,Brandon Thomas,1999-12-11
P1965,Craig Rodriguez,1986-11-04
P1966,Manuel Ross,1975-01-14
P1967,Donna Morgan,1996-10-07
P1968,Spencer Powers,1999-10-20
P1969,Jesse Gilmore,1971-12-29
P1970,Sandra Elliott,1967-09-01
P1971,Michael Werner,1951-01-12
P1972,Justin Hutchinson,2004-08-14
P1973,Kathryn Vargas,2001-01-13
P1974,Kenneth Huffman,1957-02-19
P1975,Robert Rodriguez,1958-09-10
P1976,Valerie Stone,2001-10-22
P1977,Melody Peterson,1974-09-28
P1978,Anna Rogers,2001-01-10
P1979,Taylor Ortiz,1970-06-03
P1980,Andrew Larson,1946-10-19
P1981,Kenneth Hughes,1990-06-30
P1982,Jessica Johnston,1965-02-03
P1983,Carol White,1987-08-28
P1984,Amanda Walters,1963-01-11
P1985,Lisa Rowe,1995-12-18
P1986,Diane Burns,1996-06-26
P1987,Richard Chavez,1967-03-01
P1988,Derek Kennedy,1992-01-15
P1989,Sandra Turner,1994-08-24
P1990,Jerry Gallagher,1976-07-20
P1991,Jennifer Lloyd,1990-06-08
P1992,Gabriel Ray,1968-09-13
P1993,Jennifer Diaz,1952-06-30
P1994,Joel Williams,1955-10-19
P1995,Joseph Griffin,1968-01-20
P1996,Raymond Collins,1990-09-26
P1997,Monica Ross,1997-01-22
P1998,Roy Newman,1956-04-13
P1999,Amanda Camacho,1975-07-13
P2000,Lori Andrade,2002-02-24
P2001,James Craig,1982-06-26
P2002,Connie Taylor,1948-12-21
P2003,Christina Young,1944-03-18
P2004,Kathleen Maxwell,1955-06-07
P2005,Jerry Johnson,1987-05-06
P2006,David Howell,1999-07-11
P2007,Ronald Bradley,1958-12-16
P2008,Jose Brown,1977-01-06
P2009,Evan Jackson,1967-11-24
P2010,Chelsea Brown,1949-11-16
P2011,Gregory Johnson,1948-04-07
P2012,John Singleton,2000-11-21
P2013,Larry Boyer,1995-04-07
P2014,Gregory Armstrong,1949-08-12
P2015,Mary Hill,2006-04-09
P2016,Daniel Welch,1956-02-02
P2017,Vanessa King,1959-08-18
P2018,Colleen Ortiz DDS,1951-06-27
P2019,Peter David,1955-01-01
P2020,Juan Burch,2001-07-18
P2021,Barbara Woodward,1978-01-25
P2022,Michael Moore,1969-08-04
P2023,Mr. Bryan Ochoa,1970-04-12
P2024,Randy Garcia DDS,1946-02-18
P2025,Timothy Mills,1971-04-20
P2026,Mrs. Laura Johnston,1968-02-04
P2027,Alexis Jenkins,1965-02-05
P2028,Melissa Brock,1949-10-02
P2029,Philip Flynn,1993-09-08
P2030,Steven Cannon,1950-08-25
P2031,Francisco Espinoza,1986-02-02
P2032,Michelle Burgess,1985-08-09
P2033,Robert Anderson,1978-07-05
P2034,Anna Hayes,1965-07-29
P2035,Theresa Thomas,1979-07-18
P2036,Christopher Brown,1988-06-09
P2037,Samantha Chang,1964-08-02
P2038,Douglas Scott,1988-08-07
P2039,Julie Maldonado,1955-05-18
P2040,Christopher Mitchell,1962-02-25
P2041,David Phillips,1952-02-15
P2042,Christopher Jackson,1998-08-22
P2043,Jennifer Reynolds,1951-05-04
P2044,Mr. Andrew Fisher,2005-02-26
P2045,Robert Johnston,1947-10-13
P2046,Lance Ward,1996-04-09
P2047,Natalie Parks,1995-02-09
P2048,Daniel Smith,1963-08-13
P2049,Doris Lewis,1973-02-07
P2050,Brittany Clark,1958-01-10
P2051,Carl Mendez,1992-05-21
P2052,Kyle Anderson,1944-10-03
P2053,Jonathan Powers,2002-11-01
P2054,Samantha Foster,1974-08-15
P2055,Daniel Hines,1998-06-27
P2056,Emily Castro,1944-11-17
P2057,Laura Jackson,2000-07-11
P2058,Angela Mitchell,1968-02-15
P2059,Desiree Boyd,1969-10-10
P2060,Bridget Hall,1980-11-17
P2061,Paula Coleman,1963-03-03
P2062,Robert Taylor,1951-10-19
P2063,Joseph Smith,2004-11-20
P2064,Anthony Newman,1949-03-17
P2065,Preston Cantu,1944-10-20
P2066,Shelby Tyler,1960-11-30
P2067,Tanya Ortiz,2000-07-05
P2068,Michael Greene,1944-06-10
P2069,Francisco Adams,1984-01-02
P2070,Joshua Long,1956-11-11
P2071,Sharon Warren,1956-07-01
P2072,Michele Bradley,1958-08-12
P2073,Vanessa Herman,1965-07-05
P2074,Alicia Doyle,1982-05-21
P2075,Diana Reyes,2002-08-25
P2076,Eric Martinez,1999-09-26
P2077,Jeremy Holloway,1984-04-01
P2078,Karen Gonzalez,1943-12-05
P2079,Lori Ramirez,1993-11-07
P2080,Emily Nicholson,1999-01-24
P2081,Jordan Hernandez,2005-01-04
P2082,Rebecca Huerta,1954-07-29
P2083,Charles Durham,1962-10-23
P2084,Roy Ross,1999-05-10
P2085,Taylor Montoya,1973-07-05
P2086,Karen Gonzalez,1997-04-23
P2087,Drew Harris,1955-06-19
P2088,Jordan Brown,1969-12-10
P2089,Samuel James,1944-06-03
P2090,Mariah Bryant,1999-04-17
P2091,Shawn Herrera,1960-03-18
P2092,Jill Johnston,1987-07-12
P2093,Matthew Huff,1983-10-06
P2094,Tammy Byrd,1966-12-13
P2095,Gregory Huber,1976-02-06
P2096,Roger Hart,1948-12-15
P2097,Stanley Murphy,2005-03-08
P2098,Jonathan Garcia,2005-11-05
P2099,Wyatt Bright,1984-01-16
P2100,Lindsay Stevens DVM,1950-03-24
P2101,Oscar Shepard,1958-02-21
P2102,Margaret Jackson,1989-06-20
P2103,Rhonda Johnson,1973-06-28
P2104,Monica Powell,1991-08-05
P2105,Jacob Lowe,1947-10-31
P2106,Charles Flores,1981-10-30
P2107,Shannon Bennett,1991-12-23
P2108,Connie Cook,1948-07-06
P2109,Michael Collins,1979-09-22
P2110,James Swanson,1968-06-25
P2111,Patrick Anderson,1955-10-25
P2112,Frank Kelly,2002-10-22
P2113,Diana Jordan,1944-08-03
P2114,Sean Foley,1944-02-08
P2115,Kevin Cox,1952-10-16
P2116,Shelby Matthews,1959-09-01
P2117,Joshua Kelley,1964-04-09
P2118,Megan Ross,1981-12-15
P2119,Charlene Martinez,1958-06-17
P2120,Devon Russell,1981-10-19
P2121,Janice Le,1992-05-15
P2122,Stephanie Bowman,1991-01-15
P2123,Danielle Diaz,2003-04-09
P2124,Nathan Morris,1963-08-21
P2125,Brandi Atkinson,1960-06-07
P2126,Austin Simmons,1955-08-23
P2127,Leslie Small,1994-03-09
P2128,Cynthia Carey,1981-02-07
P2129,Amy Collins,1947-06-11
P2130,Patricia Skinner,1946-01-13
P2131,Amanda Mercer,1953-02-03
P2132,Amber Bell,1968-09-27
P2133,David Davis,1962-07-09
P2134,Julie Smith,1954-11-21
P2135,Michael Finley,1948-08-23
P2136,Kristin Klein,1976-06-06
P2137,Cassandra Baker,1946-03-22
P2138,John Mcdonald,1974-06-22
P2139,Kellie Wilson,1990-04-25
P2140,Robert Coleman,1993-07-18
P2141,Tammy Robinson,1989-11-01
P2142,Marc Harrell,1947-11-15
P2143,Todd Day,1944-04-04
P2144,Jennifer Caldwell,1981-06-27
P2145,Jody Smith,1984-01-05
P2146,Lisa Mathews,1954-02-10
P2147,Daniel Martin,1952-06-28
P2148,Jonathan Mccarthy,1977-01-31
P2149,Denise Allen,1965-07-29
P2150,Tommy James,1978-01-13
P2151,Jenna Morales,1946-06-30
P2152,James Torres,1986-04-29
P2153,Samuel Glenn,1949-09-18
P2154,Bianca Guerrero,1979-08-02
P2155,Luke Daniels,1955-04-15
P2156,Melissa Jones,1949-09-27
P2157,Gary Walsh,1994-08-17
P2158,Jared Dickerson,1974-05-25
P2159,Amanda Robertson,1972-03-14
P2160,Richard Allen,1953-10-18
P2161,Dr. Jason Collins,1968-11-25
P2162,Angela Warren,1976-06-06
P2163,Jesse Smith,2002-03-17
P2164,John Harvey,1999-01-21
P2165,Cheryl Thompson,1982-06-15
P2166,Cathy Rodriguez,1976-12-26
P2167,Craig Reynolds,1998-01-10
P2168,Kimberly Torres,1969-01-09
P2169,Matthew Stone,1980-09-01
P2170,Wendy James,1969-10-24
P2171,Jennifer Galloway,1967-11-26
P2172,Ruth Nelson,1946-01-07
P2173,Sara Barnes,2002-08-26
P2174,Heidi Gomez,1999-04-18
P2175,Arthur Hall,1956-02-24
P2176,Patricia Kane,2005-06-11
P2177,Erin Boyd,1981-06-22
P2178,Sarah Wallace,1954-12-24
P2179,Jonathan Hayes,1997-12-26
P2180,Jacob Hanson,1954-01-20
P2181,Barbara Pruitt,1983-03-12
P2182,Derrick Turner,2001-04-25
P2183,Travis Morgan,1953-09-24
P2184,Shane Hopkins,1958-11-27
P2185,Bobby Hart,1968-02-22
P2186,Hayden Morrison,1990-07-04
P2187,Casey White,1951-01-17
P2188,Alejandro Graham,1968-10-11
P2189,Bradley Mathews,1952-07-18
P2190,Jonathan Nelson,1982-09-24
P2191,Heather Taylor,1999-07-15
P2192,Zoe Baker,1987-02-10
P2193,Dominic Lewis,1996-06-08
P2194,Nicholas Scott,1977-10-09
P2195,Troy Allison,1969-06-13
P2196,Mary Higgins,1963-06-13
P2197,Jeffery Foster,1990-07-04
P2198,George Young,1946-07-13
P2199,Kyle Johnson,1977-12-03
P2200,Philip Stevens,1960-04-13
P2201,Douglas Walters,1989-12-23
P2202,Bridget Lindsey,1966-06-15
P2203,April Stanley,1955-05-03
P2204,Sheila Mendez,1972-10-26
P2205,Madison Woods,1953-11-14
P2206,Connor Hunter,1990-04-18
P2207,Christy Mendoza,1966-07-05
P2208,Richard Armstrong,1964-01-14
P2209,David Black,1983-04-06
P2210,Brian Lyons,1994-08-31
P2211,Kristin Christensen,1971-11-01
P2212,Andrea Andrade,1978-09-01
P2213,Stephen White,1948-12-05
P2214,Christine Salazar,1989-08-04
P2215,William Tyler,1976-05-31
P2216,Daniel Perry,1984-12-31
P2217,David Sullivan,1944-02-14
P2218,Ricardo Butler,2002-05-02
P2219,Lori Long,1987-04-21
P2220,Randall Schmidt,1998-02-23
P2221,Jessica Sanchez,1948-02-29
P2222,Nicholas Watkins,1996-02-18
P2223,Kyle Turner,1961-11-06
P2224,Kimberly Meyer,1980-02-10
P2225,Michael Carpenter,1945-02-19
P2226,Melissa Rivera,1976-06-04
P2227,Brian Gross,1973-02-10
P2228,William Parker,1965-01-24
P2229,Michael Grant,2004-08-15
P2230,Wanda Norton,2000-04-06
P2231,Michael Collier,1952-08-16
P2232,Frank Newton,1986-03-30
P2233,Cameron Jones,1947-07-12
P2234,Hayley Brown,1972-04-14
P2235,Cynthia Rivera,1957-11-02
P2236,Riley Mccullough,1961-10-12
P2237,Taylor George,1993-02-25
P2238,Jeremiah Williams,1997-02-06
P2239,Garrett Robinson,2002-02-10
P2240,Tracy Ayala,2004-04-03
P2241,Kim Estrada,2000-02-19
P2242,Donna Le,2000-11-01
P2243,Angela Chambers,1948-02-10
P2244,Dylan Gates,1999-10-09
P2245,James Johnson,1984-11-22
P2246,Rebecca Taylor,2002-05-31
P2247,Sylvia Duffy,1962-03-21
P2248,Tracy Fuller,1979-10-20
P2249,Adam Kaufman,1952-11-21
P2250,Anthony Hernandez,1974-03-11
P2251,Eileen Davis,1973-06-25
P2252,Mackenzie Simpson,1947-01-29
P2253,Jeffrey Anderson,1971-12-18
P2254,Donald Anderson,1987-12-08
P2255,Frederick Taylor,1951-11-29
P2256,Jacob Lucero,1984-03-24
P2257,Justin Moore,1945-03-02
P2258,Dr. Jennifer Thompson,1983-04-03
P2259,Anthony Hampton,1966-01-09
P2260,Patricia Jones,1952-11-11
P2261,Eric Barber,1967-09-04
P2262,Megan Aguilar,2004-05-25
P2263,Jake Diaz,1994-10-14
P2264,Brandon Barron,1993-07-30
P2265,Michael Lawrence,1964-07-30
P2266,David Gutierrez,1970-06-11
P2267,Brandon Watkins,1958-03-06
P2268,Carla Lindsey,1998-12-20
P2269,Christopher Hardy,1973-08-07
P2270,Kathy Oconnor,1946-07-07
P2271,Jennifer Moore,1997-06-11
P2272,Justin Jones,1965-11-11
P2273,Joseph Boyd,1977-04-20
P2274,Laura Allison,1989-10-02
P2275,Patricia Patterson,1987-05-24
P2276,Jessica Smith,1998-02-16
P2277,Rhonda Tucker,1981-06-19
P2278,Todd Vargas,2002-04-21
P2279,Charlene Lester,1948-02-29
P2280,Kelly Hunter,1964-02-13
P2281,Cody Perez,1962-12-30
P2282,Jose Boone,1993-02-14
P2283,Karen Jackson,1995-03-30
P2284,Gary Rich,1963-03-28
P2285,Michael Gomez,1983-05-12
P2286,Stacey Thompson,1956-02-04
P2287,Christine Silva MD,1996-05-08
P2288,Richard Nichols,1988-08-06
P2289,Hannah Griffin,2006-04-12
P2290,Randall Sutton,1953-02-10
P2291,Susan Russell,1951-07-13
P2292,Thomas Garcia,1951-06-10
P2293,Miranda Phillips,2002-12-16
P2294,Carlos Keith,1990-06-05
P2295,Harold Barnett,1974-06-12
P2296,Robert Aguilar,1945-11-28
P2297,Tina Hughes,1954-12-16
P2298,Timothy Moore,1956-08-03
P2299,Kathryn Garcia DVM,1954-06-27
P2300,Susan Williams,1986-09-22
P2301,Richard Castro,1986-06-24
P2302,Jonathon Decker,1953-07-16
P2303,Bridget Daniel,1960-06-14
P2304,Michael Thomas,1974-12-18
P2305,Margaret Ellis,2003-04-23
P2306,Jennifer Smith,1992-05-03
P2307,Joshua Hughes,1977-12-19
P2308,Walter Hall PhD,1992-12-25
P2309,Perry Vega,1991-10-05
P2310,Angela Johnson,2002-05-27
P2311,Ryan Miller,1967-01-06
P2312,Brandon Gonzalez,1991-03-21
P2313,Katrina Arias,1970-04-03
P2314,Susan Sloan,1953-11-27
P2315,Carlos Rose,1985-03-19
P2316,Kimberly Jackson,1959-10-05
P2317,Matthew Travis,1965-04-19
P2318,Shannon Frank DDS,1969-02-04
P2319,Dawn Thompson,1958-04-28
P2320,Pamela Boyd,1999-01-07
P2321,Deborah Torres,1978-11-18
P2322,Brian Brown,1981-09-26
P2323,Jacob Esparza,1964-08-21
P2324,Paul Marks,1956-01-14
P2325,Daniel Freeman,1998-08-26
P2326,Anthony Fuentes,1947-08-30
P2327,James Lee,2001-09-12
P2328,Cynthia Price,1968-12-09
P2329,Benjamin Estrada,1951-05-09
P2330,Zachary Payne,2001-04-17
P2331,Greg Alexander,1974-06-05
P2332,Daniel Young,1999-09-08
P2333,Susan Richmond DVM,1951-06-11
P2334,Cathy Mitchell,1984-06-12
P2335,Amber Davis,1971-06-13
P2336,Christopher Stokes,1973-01-24
P2337,Julie Manning,1965-01-01
P2338,Matthew Glenn,1951-08-16
P2339,Daniel Nielsen,1945-01-10
P2340,Ronald Taylor,1988-04-10
P2341,Gregory Brown,1990-01-11
P2342,Darrell Soto,1947-07-19
P2343,Dr. Timothy Oneill,1998-01-17
P2344,Christopher Stephens,2006-06-23
P2345,Jennifer Alvarado,1986-08-15
P2346,Manuel Olson,1992-09-15
P2347,Scott Bryant,1976-04-09
P2348,Anthony Martin,1984-05-19
P2349,Eric Parker,1984-06-02
P2350,Charles Chapman,1964-02-08
P2351,Brian Williams,1988-03-28
P2352,Barbara Rios,1956-01-06
P2353,Dominique Johnston,1973-05-13
P2354,Erika Fischer,1993-01-06
P2355,James Alvarez,1952-11-30
P2356,Nathan Ayala,1997-02-13
P2357,Kelly Willis,1972-10-05
P2358,Tiffany Greene,1945-04-20
P2359,James Hoffman,1957-03-09
P2360,Kevin Bonilla,1964-09-13
P2361,Barbara White,1963-08-24
P2362,Kenneth Thompson,1962-11-30
P2363,Todd Patterson,1985-08-28
P2364,Katherine Gardner,1950-04-22
P2365,Elizabeth Ashley,1974-12-14
P2366,Bonnie Smith,1953-02-18
P2367,Stephen Smith,1984-05-12
P2368,Alexis Hanson,1996-10-11
P2369,Joseph Martinez,1996-12-11
P2370,Heidi Carr,1965-04-20
P2371,Deanna Anderson,1945-05-25
P2372,David Mckay,2004-06-23
P2373,Joshua Brooks,1992-12-14
P2374,Rebecca Harris,2002-12-12
P2375,Michele Olson,1960-09-28
P2376,Andrea Hall,1982-12-26
P2377,Samantha Navarro,1987-05-06
P2378,Linda Carter,1962-11-27
P2379,Rebecca Carrillo,2003-05-09
P2380,Kimberly Luna,1950-06-23
P2381,Michele Lopez,1947-12-28
P2382,Jerry House,1983-11-27
P2383,Brandon Bailey,1968-07-25
P2384,Emma Frazier,1975-11-17
P2385,Ronald Robbins,1982-08-30
P2386,Roger Foley,1999-09-22
P2387,David Baker,1993-10-23
P2388,Kelly Nelson,1995-07-10
P2389,Lance Hicks,1999-05-04
P2390,Tina Nelson,1981-02-06
P2391,Kristy Robinson,1979-10-05
P2392,William Miller,1964-02-21
P2393,Kenneth Shepherd,1980-04-07
P2394,Alejandra Scott,2000-07-05
P2395,Allison Walls,1983-11-23
P2396,Robert Mullins,1958-02-19
P2397,Cameron Davis,2006-06-21
P2398,Victoria White,1948-04-18
P2399,Mary Crane,1976-09-06
P2400,Ariel Miller,2001-09-25
P2401,James Johnson,1963-08-01
P2402,Richard Valencia,1988-02-10
P2403,Jennifer Roberts,1958-06-25
P2404,Jennifer Shelton,1959-06-02
P2405,Nancy Morales,1997-06-12
P2406,Benjamin Ellis,1956-06-25
P2407,Stephen Holmes,1964-07-12
P2408,Teresa Woods,1965-10-17
P2409,Eric Riggs,1975-11-04
P2410,Michael Miller,1947-10-10
P2411,Isabel Arias,1961-07-24
P2412,Daniel Jensen,2002-10-24
P2413,Patrick Ingram,1945-03-08
P2414,Erika Moore,1984-09-27
P2415,James Fields,1950-11-20
P2416,Eric Johnson,1983-04-21
P2417,Jonathan Buckley,1966-06-19
P2418,Lindsay Peck,1944-11-30
P2419,Emma Banks,2006-06-14
P2420,Michelle Howell,1949-06-02
P2421,Matthew Gonzalez Jr.,1994-10-08
P2422,Steven Flores,1995-03-12
P2423,Kayla Robinson,1991-07-30
P2424,Lisa Potter,1996-08-28
P2425,Robert Walters,1949-05-08
P2426,Courtney Fletcher,1968-08-01
P2427,Michael Lopez,1976-01-04
P2428,Sandra Marquez,1949-02-09
P2429,Neil Thornton,1981-07-17
P2430,Timothy Ford,1970-07-09
P2431,Mandy Mitchell,1988-03-31
P2432,Michael Williams,1969-02-14
P2433,Andrew Smith,1957-11-17
P2434,Ricardo Harris,1960-03-08
P2435,Sharon Adams,1972-12-09
P2436,Marie Burton,1967-04-01
P2437,Sharon Cole,1966-09-11
P2438,Eric Estrada,1991-02-03
P2439,Abigail Diaz,1967-08-15
P2440,Barbara Ramos,1982-06-03
P2441,Nicole Estrada,1962-05-22
P2442,Christine Bauer,2004-03-22
P2443,Paul Oliver,1950-12-11
P2444,Stacy White,1980-12-14
P2445,Michelle Bell,1957-08-05
P2446,Katelyn Rich,1992-03-09
P2447,Nathan Ramirez,1949-04-16
P2448,Ann Leblanc,1977-03-03
P2449,Kimberly Smith,1996-05-11
P2450,Michelle Martin,1969-02-13
P2451,Tiffany Deleon,1968-05-08
P2452,Jerry Sullivan,1986-02-14
P2453,Taylor Rogers,2006-04-26
P2454,Carl Mcdonald,1946-11-15
P2455,Steven Adams,1995-12-02
P2456,Jerry Rodriguez,1978-05-12
P2457,David Lynch,1991-05-03
P2458,Heidi Reed,1983-06-16
P2459,Christine Gomez,1967-10-08
P2460,Teresa Saunders,1968-07-26
P2461,Sherry Brown,1993-03-10
P2462,Nicole Smith,2002-11-30
P2463,Ruth Rodriguez,2004-01-10
P2464,Joseph Diaz,1967-07-12
P2465,Joseph Webb,1985-10-05
P2466,Regina Vega,1973-05-03
P2467,Isabel Carter,1996-09-30
P2468,Daniel Ford,1993-01-26
P2469,Matthew Mckee,1957-10-23
P2470,Christopher Oneill,1976-02-16
P2471,Frances Daugherty,1968-11-09
P2472,Anna Page,1959-04-06
P2473,Melinda Smith,2000-10-09
P2474,Michelle Hebert,1980-04-22
P2475,William Harris,1973-06-05
P2476,Jeffrey Hoover,1976-03-29
P2477,John Garcia,1968-10-30
P2478,Aaron Carter,1979-01-27
P2479,Joshua Gordon,1944-07-05
P2480,Angela Carr,1955-01-03
P2481,Emily Shaffer,1950-06-02
P2482,John Bentley,1975-12-19
P2483,Sandra Boyle,1997-06-09
P2484,Molly Johnson,1982-02-25
P2485,Christina Larsen,1999-12-21
P2486,Crystal Ward,1959-11-22
P2487,Danielle Brown DVM,1945-09-12
P2488,Pamela Thornton,1957-05-24
P2489,Austin Davis,1977-10-18
P2490,Mr. Julian Jackson Jr.,2004-12-11
P2491,Brandon Bernard,1966-09-17
P2492,Whitney Harper,1973-10-08
P2493,Heather Brown,1973-02-07
P2494,Jason Martin,1996-09-21
P2495,Carolyn Smith,1960-05-11
P2496,Edward Ortiz,1961-04-19
P2497,James Nelson,1950-07-15
P2498,Miranda Moore,1956-06-24
P2499,Erika Ramos,1954-03-12
P2500,Steven Gray,1992-08-26
P2501,Michelle Ferguson,1951-05-16
P2502,Heather Hendrix,2003-05-26
P2503,Lawrence Rogers,1974-04-13
P2504,Sonya Barton,1975-06-02
P2505,Rebekah Roberts,1957-04-24
P2506,Valerie Harrison,2004-07-23
P2507,Bradley Fernandez,1980-12-13
P2508,Ann Mcfarland,2005-09-07
P2509,Kimberly Dawson,2002-05-05
P2510,Timothy Walter,1959-04-09
P2511,Mrs. Vanessa Lawrence,1986-09-24
P2512,Michelle Wells,1990-03-21
P2513,Justin Cox,1963-05-04
P2514,Lisa James,1987-07-23
P2515,Steven Rowland,2004-10-30
P2516,Kristin Carr,1975-02-12
P2517,Karen White,1953-08-31
P2518,Wayne Lawrence,1971-09-07
P2519,Amanda Meza,1996-01-14
P2520,Susan Nelson,1951-01-02
P2521,Susan Esparza,1983-09-24
P2522,Tammy Bauer,2001-03-25
P2523,Leslie Washington,1945-05-16
P2524,Benjamin Hill,1951-04-21
P2525,David Mccullough,1987-12-03
P2526,Lauren Rodriguez,1954-01-27
P2527,Samantha Fernandez,1957-05-21
P2528,Joel Smith,1975-09-20
P2529,Mary Garcia,1961-06-27
P2530,Juan Wheeler,1982-06-25
P2531,Mario Gutierrez,1974-07-12
P2532,Kathryn Patton,1960-01-29
P2533,Jonathan Pratt,1976-07-18
P2534,Roger Walls,2006-02-26
P2535,Lisa King,1991-02-04
P2536,Courtney Meyer,1986-11-28
P2537,Jeremiah Brown,2004-10-26
P2538,Bruce Alvarez,1995-08-29
P2539,Robert Boyd,2004-01-24
P2540,William Hicks,2004-08-19
P2541,Derek Martin,1944-03-11
P2542,Tammy Sims,1958-02-19
P2543,Derek Leonard,1989-07-31
P2544,Adrian Lee,1953-06-22
P2545,Kim Santos,1982-01-15
P2546,Tyler Waller,1945-03-22
P2547,Bryan Dawson,1977-07-18
P2548,Mrs. Lauren Pruitt,1965-06-14
P2549,Morgan Martin,1962-09-02
P2550,Matthew Thompson,1982-01-31
P2551,Anita Walters,1981-09-17
P2552,Alicia Jones,1995-05-29
P2553,Laura Hodges,1994-05-04
P2554,Leonard Klein,1961-01-14
P2555,Joshua Green,1949-05-29
P2556,Brian Robinson,2005-11-10
P2557,Kimberly Perez,1974-10-25
P2558,Anthony Rogers,1967-12-04
P2559,Brad Marsh,1990-06-08
P2560,Bryan Jackson,1986-12-28
P2561,Debbie Dougherty,1984-11-24
P2562,Lisa Valdez,1965-11-02
P2563,Andrew Williams,1958-12-17
P2564,Rodney Jones,1963-02-24
P2565,Kylie Schroeder,1990-10-04
P2566,Natalie Sanchez,1956-01-30
P2567,Tom James,1958-03-04
P2568,Christopher Zhang,1954-03-23
P2569,Caleb Arellano,1961-11-20
P2570,Michelle Avery,1949-05-25
P2571,Sherri Vasquez,2001-12-16
P2572,Barbara Greene,1965-09-21
P2573,Cody Mccormick,1946-05-09
P2574,Elizabeth Pollard,1960-04-22
P2575,Jamie Davis,1944-01-16
P2576,Marissa Allen,2002-06-22
P2577,Andrew Casey,1978-03-04
P2578,Jessica Wise,2005-03-28
P2579,Janet Mcdonald,1963-10-03
P2580,James Turner,1958-11-20
P2581,Jonathan Morton,1980-03-19
P2582,Curtis Stewart,2003-12-02
P2583,Ashley Delgado,1953-04-16
P2584,Michael Carter,1957-07-20
P2585,Elizabeth Bolton,1955-05-03
P2586,Christopher Clark,1980-12-15
P2587,Richard Clark,1980-04-19
P2588,Jill Bailey,2006-07-12
P2589,Kathy Taylor,1955-04-04
P2590,Tracy White,1987-10-11
P2591,Julia Wright,1952-08-05
P2592,Gregory Andrews,1977-06-02
P2593,Scott Rowland,1984-06-29
P2594,James Jones,1982-04-16
P2595,Ricky Barnett,1973-05-15
P2596,Valerie Nichols,1970-12-01
P2597,Matthew Jones,1975-06-17
P2598,Miss Julie Carrillo,1984-01-11
P2599,Maria Marsh,1980-01-13
P2600,Melinda Hernandez,1955-01-30
P2601,Jesse Rhodes,1945-03-03
P2602,Tyler Carson,1969-07-22
P2603,John Randall,1996-05-05
P2604,Rhonda Ross,1991-10-09
P2605,Mitchell Williams,2000-03-30
P2606,Kenneth Mitchell,2000-01-07
P2607,Cathy Melton,1988-05-20
P2608,Franklin Melendez,1959-02-05
P2609,Jacqueline Allen,1995-06-16
P2610,Sarah Hernandez,1980-07-16
P2611,Jennifer Woods MD,1992-12-24
P2612,Melissa Allen,1998-08-18
P2613,Michelle Clark,1985-07-23
P2614,Corey Anthony,1968-09-03
P2615,Margaret Monroe,1976-12-24
P2616,Frank Patton,1945-07-27
P2617,Dorothy Young,1991-11-02
P2618,Rodney Barrett,1960-05-12
P2619,Zachary Ward,1954-03-31
P2620,Kevin Bridges,1987-03-09
P2621,Elizabeth Taylor,1975-10-19
P2622,James Barnes,1970-11-22
P2623,Patricia Nichols,1952-05-05
P2624,Anthony Valenzuela,1993-12-10
P2625,Marissa Sanchez,2000-07-11
P2626,Cindy Hall DDS,1969-10-08
P2627,Dana Wall,1967-12-14
P2628,John Brown,2001-08-29
P2629,Amanda Hall,1962-07-13
P2630,Krystal Clay,1948-05-05
P2631,Andrew Price,2006-02-16
P2632,Kurt Thomas,1959-05-13
P2633,Jeanette Wallace,1992-10-19
P2634,Eric Rivera,1958-03-20
P2635,Jason Holmes,1997-01-29
P2636,Ellen Cook,1998-05-05
P2637,Jordan Hess,1962-03-14
P2638,Wendy Ball,1955-10-03
P2639,Cory Colon,1947-01-09
P2640,Holly Bryan,1988-01-19
P2641,Robert Freeman,2001-04-09
P2642,Daniel Little,1990-09-09
P2643,Jacob Barrett,1994-08-09
P2644,James Jones MD,1993-10-19
P2645,Deanna Schmidt,1972-08-08
P2646,Melissa Hudson,1972-04-09
P2647,Mr. Donald Adams PhD,1996-11-27
P2648,Joseph Smith II,1953-12-27
P2649,Valerie Fernandez,2004-09-02
P2650,John Anderson,1972-12-12
P2651,Lindsey Hall,1996-05-30
P2652,Kevin Becker,1954-07-18
P2653,Alyssa Morgan,1992-05-24
P2654,Jennifer Thompson,1990-06-18
P2655,Sheena Atkins,1999-03-01
P2656,Marie Bell,1977-03-24
P2657,John Henry,1982-08-09
P2658,Linda Pennington,1957-12-03
P2659,Bianca Tyler,1991-07-18
P2660,Andrew Vasquez,2003-09-17
P2661,Chase Hall,1954-07-22
P2662,Jordan Taylor,1989-01-30
P2663,Frederick Rivera,1954-02-10
P2664,Edward Dean,1997-05-06
P2665,Curtis Bryant,1945-02-12
P2666,Ashley Fuller,1988-11-15
P2667,Christopher Price,1974-04-23
P2668,Jacob Sullivan,1960-05-18
P2669,Darren Davenport,1946-11-03
P2670,Danielle Fleming,1957-04-12
P2671,John Kelley,1995-06-29
P2672,Gregory Hawkins,1968-05-18
P2673,Kristina Campbell,1968-03-05
P2674,Blake Hill,1993-09-05
P2675,Lori Clark,1969-10-26
P2676,Matthew Long,1998-04-04
P2677,Kevin Scott,1987-09-03
P2678,Craig Ortega,1967-09-27
P2679,Nicole Odom,1954-09-18
P2680,Brittany Nguyen,1984-08-05
P2681,Chad Davis,1967-05-28
P2682,Brandon Mitchell,1944-12-24
P2683,Brittany White,1974-05-23
P2684,Alex Lane,1968-07-12
P2685,Melissa Stark,1956-01-26
P2686,Tina Reed,1976-05-10
P2687,Ashley Henderson,1948-04-14
P2688,Samantha Randall,1999-06-15
P2689,Stanley Anderson,1952-05-07
P2690,Isabella Small,1963-08-27
P2691,Rodney Medina,1990-01-23
P2692,David Caldwell,1944-09-23
P2693,Danielle Mcdonald,1958-03-11
P2694,Brenda Taylor,1989-12-09
P2695,Erika Robinson,1952-07-02
P2696,Ronald Jones,1991-05-11
P2697,Amber Patton,2003-05-10
P2698,Derek Navarro,1945-05-06
P2699,Charles Wright,1953-07-12
P2700,Jacob Clark,1953-02-11
P2701,Brittany Pope,2002-01-05
P2702,Lisa Munoz,1996-03-20
P2703,Stephanie Baker,1948-06-15
P2704,Raymond Mendoza,1995-10-09
P2705,Jamie Bonilla,1977-03-02
P2706,Lisa Cook,1982-08-23
P2707,Matthew Delacruz,1991-01-29
P2708,Evan Williams,1972-11-19
P2709,Mrs. Alexandra Brown,1960-04-10
P2710,Phillip Young,1991-04-14
P2711,Crystal Contreras,1944-08-31
P2712,Maurice Rogers,1974-11-06
P2713,Mrs. Angela Golden,1993-11-20
P2714,Karen Clements,2001-06-01
P2715,Jerry Mcintyre,1955-03-18
P2716,Michelle Mosley,2001-03-21
P2717,David Ellis,1993-02-01
P2718,Bryan Robinson,1990-07-02
P2719,Michael Torres,2003-09-05
P2720,Michael Garrett,1986-11-10
P2721,Brandon Mendez,1986-07-25
P2722,John Case,1946-11-05
P2723,Kelly Johnson,1970-03-25
P2724,Christian Castro,1948-11-18
P2725,Joshua Washington,1949-04-14
P2726,Jillian Brown,1970-06-28
P2727,Sarah Pham,1949-09-17
P2728,Christine Edwards,1966-12-05
P2729,Marvin Barnes,1968-12-20
P2730,Diana Campbell,1951-04-08
P2731,Lisa Buckley,1967-01-20
P2732,Robert Parker,1952-07-11
P2733,Michelle Rivera,2002-08-16
P2734,Aaron Keller,1999-03-13
P2735,Alison Miller,1955-08-23
P2736,Howard Flynn,1978-08-11
P2737,Jeremy Smith,1947-04-11
P2738,Kenneth Harris,1975-08-17
P2739,Leah Rice,1966-11-09
P2740,Thomas Mora,1952-11-05
P2741,Gary Tran,1996-04-23
P2742,Judith Lewis,1993-10-15
P2743,David Andrews,2002-02-10
P2744,Patricia Brennan,1987-07-19
P2745,Barbara Hill,1976-09-20
P2746,Mark Johnson,1974-02-15
P2747,Michael Carey,1965-06-05
P2748,John Burch,1944-11-25
P2749,Linda Baker,1972-08-17
P2750,Priscilla Lee,1974-08-16
P2751,Leslie Morris,1950-09-15
P2752,Mary Oneill,1972-11-06
P2753,Janet Smith,1971-02-24
P2754,Joseph Huerta,1992-05-17
P2755,Ryan Hernandez,1999-09-01
P2756,Michael Rivera,1989-05-09
P2757,James Becker,1948-01-17
P2758,Peter Page,1984-08-19
P2759,Eric Little,1993-11-02
P2760,Brandon Davis,1992-04-13
P2761,Andrea Hernandez,1999-03-26
P2762,Kristy Gilbert,1962-05-02
P2763,Robert Christensen,1949-05-06
P2764,Alexis Flynn,1979-05-12
P2765,Richard Dorsey,1979-11-23
P2766,Thomas Hill,1985-08-14
P2767,Jeffrey Hall,1987-10-14
P2768,Mr. Stephen Wiley DVM,1975-12-09
P2769,Steven Marsh,1969-01-10
P2770,Kimberly Trevino,1956-05-08
P2771,Janice Johnson,1980-10-09
P2772,Donna Jordan,1953-06-01
P2773,Adam Stevenson,2005-04-23
P2774,Kathryn Porter,1953-12-08
P2775,Amy Hatfield,1949-12-08
P2776,Ashley Walsh,2006-07-27
P2777,Shirley Smith,1998-08-10
P2778,Marcus Powell,1976-10-16
P2779,Ryan Elliott,1973-01-10
P2780,Katherine Smith,1999-03-03
P2781,Carol Evans,1985-10-31
P2782,David Gregory,1988-05-29
P2783,Daniel Graham,1969-08-14
P2784,Scott Ford,1975-07-30
P2785,Deborah Harris,2003-06-23
P2786,Kayla Howe,1972-08-08
P2787,Darlene Smith,2006-07-29
P2788,Joshua Simmons,2004-06-13
P2789,Richard Torres,1977-11-06
P2790,Scott Rangel,1968-11-24
P2791,John Green,1957-09-05
P2792,Nicole Whitaker,2001-01-12
P2793,Ashley Shelton,1968-08-07
P2794,Jason Bates,1988-08-26
P2795,Meghan Lopez,1978-08-28
P2796,Glenn Mcguire Jr.,1999-09-03
P2797,Robert Bradley,1959-06-12
P2798,Sydney Anderson,1977-09-16
P2799,Lisa Malone,1958-11-30
P2800,Jason Kelly,1970-07-01
P2801,Kaitlyn Yoder,1954-10-25
P2802,Justin Morgan,1969-01-09
P2803,Stephen Mclaughlin,1953-05-24
P2804,Samuel Smith,1979-09-27
P2805,Phyllis Levine,1950-07-01
P2806,Brian Clark,1986-04-20
P2807,Yolanda Burns,1979-06-01
P2808,Luke Brown,1951-06-01
P2809,Victoria Kemp,1946-04-10
P2810,Amanda Pierce,1956-10-05
P2811,Joshua Fisher,1949-09-25
P2812,Andrea Morales,1962-12-10
P2813,Michelle Schwartz,1952-07-11
P2814,Brenda Jones,1992-10-21
P2815,Julie Hanson,1989-08-09
P2816,Henry Snyder,1991-08-24
P2817,Deanna Raymond,1949-05-24
P2818,Melanie Rios,1980-03-21
P2819,Stephanie Beltran,1971-11-15
P2820,Valerie Washington,1993-10-26
P2821,George Smith,1990-07-26
P2822,Nicholas Murphy,1997-07-08
P2823,Glenn Jones,1979-04-24
P2824,Jared Reyes,2000-04-24
P2825,Chelsea Graham,1999-01-28
P2826,Whitney Stanley,1971-06-19
P2827,Hannah Sims,2003-04-27
P2828,Wayne Ward,1977-04-18
P2829,Dawn Weeks,1969-10-24
P2830,Kristopher Williams,1997-09-06
P2831,Cassandra Mays,1974-08-31
P2832,Stacey Sweeney,1967-04-23
P2833,Timothy Pearson,1952-08-29
P2834,Brady King,1957-01-23
P2835,Pamela Conner,1965-01-31
P2836,Elizabeth Gonzales,1949-11-24
P2837,Joy Walters,1997-01-05
P2838,Melissa Williams,1985-03-12
P2839,Paul Thomas,1988-01-22
P2840,Catherine Ramirez,1991-06-12
P2841,Rachel Evans,1990-09-21
P2842,Melissa Jones,1977-09-04
P2843,Daniel Ward,1967-03-11
P2844,John Williamson,1985-01-09
P2845,Jessica Goodwin,1947-11-27
P2846,Gabriel Perkins,1991-09-10
P2847,Nicole Sampson,2004-03-27
P2848,Christopher Fischer,1944-04-26
P2849,Dawn Jefferson,1987-09-18
P2850,Carolyn Mcdaniel,1988-02-03
P2851,Brianna Thomas,1960-06-06
P2852,Samantha Jarvis,1959-10-20
P2853,Kimberly Lozano,1999-11-28
P2854,Joseph Mcmahon,2006-05-12
P2855,Kylie Aguilar,1960-06-17
P2856,James Dunlap,1956-03-14
P2857,Jennifer Green,1968-03-16
P2858,Gerald Adams,1998-12-24
P2859,Shawn Gonzales,1974-06-19
P2860,Ashley Rosario,1970-05-24
P2861,Shelley Berry,1991-01-01
P2862,Wendy Jordan,1990-03-29
P2863,Cathy Henderson,1993-09-20
P2864,Anthony Glover,1984-08-27
P2865,Kayla Clarke,1979-01-17
P2866,Carrie Miranda,1986-01-02
P2867,Dawn Mahoney,1968-10-19
P2868,David Gould,1961-03-11
P2869,John Green,1999-04-29
P2870,Douglas Kerr,1957-04-14
P2871,Gregory Johnson,1996-09-24
P2872,Richard Elliott,1994-04-05
P2873,Christopher Lawrence,1959-06-16
P2874,Lori Smith,1975-02-19
P2875,Diane Smith,2002-12-19
P2876,Seth Pearson,2001-08-22
P2877,Elizabeth Thomas,1999-07-17
P2878,Sandra Meyer,1964-08-17
P2879,Rachel Wolfe,1961-11-10
P2880,Amy Cooper,1965-08-14
P2881,Peter Diaz,1965-10-03
P2882,Brooke Rivers,1993-03-20
P2883,Kristin Mcpherson,1978-12-21
P2884,John Flowers,1958-10-23
P2885,Katherine Miller,1992-07-08
P2886,Brenda Griffin,1973-01-10
P2887,Mr. Michael Knight,1956-08-21
P2888,Angela Moore,1995-11-30
P2889,Cynthia Hughes,1954-05-05
P2890,Chad Harrison,1948-01-27
P2891,Joshua Webster,1962-05-13
P2892,Melissa Perry,1991-03-29
P2893,Mrs. Ashley Quinn MD,1963-11-07
P2894,Susan Welch,1997-06-19
P2895,Benjamin Hamilton,1986-11-28
P2896,Daniel Reyes,1964-09-09
P2897,Benjamin Parker,1992-02-21
P2898,Kristen Martinez,1994-02-13
P2899,Joseph Huang,1992-04-24
P2900,Daniel Rosales,1995-02-05
P2901,Joseph Vargas,1972-04-15
P2902,Teresa Wright,1978-09-02
P2903,Juan Morris,1964-10-29
P2904,Brent Jones,1972-05-22
P2905,Victor Green,1979-06-24
P2906,Laurie Brown,1970-09-29
P2907,Amanda Gonzalez,1956-11-30
P2908,Janice Russell,2004-07-10
P2909,Emma Morrison,1982-07-03
P2910,Gary Johnston,1967-08-26
P2911,Gregory Rivas,1963-02-17
P2912,Brandy Rogers,1992-02-17
P2913,Richard Cabrera,1985-09-11
P2914,Amanda Smith,1967-08-20
P2915,Thomas Waters,1955-11-11
P2916,Jennifer Perez,1996-02-07
P2917,Diana Montoya,1998-07-05
P2918,Daniel Perez,1982-11-21
P2919,Christopher Stewart,1988-12-02
P2920,Tammy Branch,2005-09-03
P2921,Mrs. Rachel Reilly,1952-11-05
P2922,Brandi Murray,1958-10-25
P2923,Ricky Evans,1945-03-09
P2924,John Hoffman,1961-04-14
P2925,Denise Moore MD,1950-01-02
P2926,Katelyn Saunders,1983-06-23
P2927,Paul Wright,1957-09-02
P2928,Jason Smith,1963-02-14
P2929,Andrea Harris,1966-10-16
P2930,Jonathan Moreno,2000-08-15
P2931,Richard Garcia,1953-01-05
P2932,Glenn Lee,1982-11-22
P2933,Jessica Spencer,1984-10-03
P2934,Jonathan Guerrero,1959-09-21
P2935,Thomas Fritz,1979-12-03
P2936,Sheila Young,1984-05-23
P2937,Andrew Browning,1997-03-07
P2938,Sharon Garcia,1947-06-19
P2939,Kevin Wilson,1998-12-21
P2940,Eric Thomas,1958-06-09
P2941,Tyler Mathews,1969-03-04
P2942,Nicole Lopez,1962-02-16
P2943,Jack Morris,1950-11-07
P2944,Michael Johnston,2005-06-21
P2945,Charles Wright,1961-03-31
P2946,Jason Walls,1955-12-22
P2947,Erin Ruiz,1971-12-12
P2948,Dawn Park,1985-01-23
P2949,Debra Long,1948-09-21
P2950,Melissa Tate,1963-03-19
P2951,Bruce Willis,1973-10-02
P2952,Christopher Hester,1969-08-09
P2953,Thomas Hensley,2006-04-30
P2954,Jenna Spencer,1950-09-26
P2955,Sharon Escobar,1994-10-16
P2956,Deborah Swanson,1984-02-18
P2957,Tamara Pena,1972-08-25
P2958,Kimberly Holt,1969-09-28
P2959,James Williams,2004-09-28
P2960,Natasha Leonard,1966-12-25
P2961,Chad Cline MD,1973-07-10
P2962,Jason Rollins,1995-02-16
P2963,Christian Contreras,1961-08-19
P2964,Sarah Dennis DVM,1978-08-13
P2965,George Reeves,1960-03-17
P2966,Aaron Brown,1949-04-05
P2967,Austin Rodriguez,1975-07-04
P2968,Danielle Saunders,1982-04-15
P2969,Alexander Meadows,1965-10-22
P2970,Jonathan Nolan,1955-04-08
P2971,Laura Gomez,1963-12-21
P2972,Timothy Ballard,1947-07-29
P2973,Christine Porter,2004-06-04
P2974,Pamela Miller,1960-11-23
P2975,Jason Smith,1996-10-28
P2976,Debra Hernandez,1971-10-01
P2977,Christopher Black,1978-08-05
P2978,John Cohen,2005-03-27
P2979,John Brady,1963-02-06
P2980,Jeffery Baker,2000-11-10
P2981,Devin Davis,1994-08-25
P2982,Sherri Reynolds,1985-04-07
P2983,Donna Campbell,1988-05-20
P2984,Joseph Carson,1988-10-17
P2985,Cory Thomas,1951-07-30
P2986,Candace Turner,1960-05-09
P2987,James Lewis,1948-11-20
P2988,Mark Harris,1979-05-30
P2989,Edwin Valdez,1977-05-28
P2990,Scott Glenn,1961-02-12
P2991,Ian Harrington,1979-01-29
P2992,Zachary York,1965-05-16
P2993,Sheila Liu,1968-05-08
P2994,Adam Davis,1993-10-13
P2995,Sandra Price,1959-03-04
P2996,Thomas Jones,1954-07-05
P2997,Tracey Morgan,1991-02-19
P2998,Mrs. Sherry Lloyd,2004-06-10
P2999,Herbert Brown,1958-03-20
P3000,Ronald Jackson,1983-10-31
